,food_cpu,food_rx,food_tx,inside_cpu,inside_rx,inside_tx,assurance_cpu,assurance_rx,assurance_tx,train_cpu,train_rx,train_tx,order_other_cpu,order_other_rx,order_other_tx,security_cpu,security_rx,security_tx,label,class
38,0.011434454661425,0.3665973665973666,0.2601010101010101,0.0005715479170716,0.0,0.0,1.26635968577786e-05,0.3401098901098901,0.20942140296979,0.1490464643169192,0.0,0.0,0.0697949140249387,0.8410404624277457,0.9197952218430034,0.0731488975842188,0.9081145584725536,0.9691338073691016,0,2
39,0.0168738173750625,0.0,0.0,0.0065620517923502,0.8270676691729323,0.7421875,1.2950206147924326e-05,0.0,0.4838709677419355,0.1046305881391412,0.2272727272727272,0.37109375,0.0697949140249387,0.8410404624277457,0.9197952218430034,0.0027027574206747,0.0459427207637231,0.0153522947640594,0,2
40,0.0168738173750625,0.0,0.0,0.0065620517923502,0.8270676691729323,0.7421875,1.2950206147924326e-05,0.0,0.4838709677419355,0.1778850799789578,0.0,0.0,0.0029846333702346,0.0,0.0,0.0027027574206747,0.0459427207637231,0.0153522947640594,0,2
69,0.0083844675308684,0.0,0.0,0.0061548800013625,0.8270676691729323,0.7421875,4.413790396530813e-06,0.0,0.0,0.1711450383469245,0.4545454545454545,0.7421875,0.0097852721844768,0.0,0.0,0.0034141661253604,0.0459427207637231,0.0153522947640594,0,3
70,0.0142191566779312,0.2668052668052668,0.4797979797979798,0.0061548800013625,0.8270676691729323,0.7421875,3.447732904469052e-06,0.0,0.0,0.1711450383469245,0.4545454545454545,0.7421875,0.0019333989897995,0.0,0.0,0.0034141661253604,0.0459427207637231,0.0153522947640594,0,2
89,0.0091947684813154,0.0,0.0,0.0049430146180332,0.8270676691729323,0.7421875,4.159511064239675e-06,0.0,0.0,0.1786732381123529,0.4545454545454545,0.7421875,0.0018347059871938,0.0,0.0,0.0025795233223693,0.0,0.0,0,3
98,0.0043151345332352,0.0,0.0,0.0020630276341789,0.0,0.0,3.930986995313842e-05,0.6802197802197802,0.901689708141321,0.2009158444404286,0.0,0.0,0.0728499241636384,0.8410404624277457,0.919368600682594,0.0074493884692759,0.0,0.0,0,2
99,0.0119563986508357,0.4109494109494109,0.3434343434343435,0.0020848310475642,0.4135338345864661,0.37109375,3.930986995313842e-05,0.6802197802197802,0.901689708141321,0.2009158444404286,0.0,0.0,0.0728499241636384,0.8410404624277457,0.919368600682594,0.0377032424796697,0.4540572792362768,0.4845669036845507,0,2
109,0.0078453430350792,0.0,0.0,0.0051324732282594,0.8270676691729323,0.7421875,4.299353093879301e-06,0.0,0.0,0.1856490907626225,0.4545454545454545,0.7421875,0.0064101630600339,0.0,0.0,0.0017328268284507,0.0,0.0,0,3
160,0.0043164608559897,0.3665973665973666,0.2601010101010101,0.0025532032439841,0.4135338345864661,0.37109375,1.5513970584411966e-05,0.3401098901098901,0.4508448540706605,0.2465734130111073,0.4545454545454545,0.7421875,0.0073437525543893,0.0,0.4453924914675768,0.0359571304893694,0.4763723150357995,0.4839204912734324,0,2
199,0.0109013860113911,0.0,0.0,0.005879170596871,0.8270676691729323,0.7421875,2.6923025839986605e-06,0.0,0.0,0.2141842337222149,0.4545454545454545,0.7421875,0.0072372388775924,0.0,0.0,0.0045453658661626,0.0,0.0,0,3
219,0.0059031335701398,0.0,0.0,0.0030971973381049,0.4135338345864661,0.37109375,3.2681104922331315e-05,0.6802197802197802,0.4188428059395801,0.1882627745343527,0.4545454545454545,0.7421875,0.0626808530906718,0.8410404624277457,0.4744027303754266,0.0054784326440453,0.0,0.0,0,2
220,0.0217851391272471,1.0,1.0,0.0070791821126679,0.0,0.0,3.2681104922331315e-05,0.6802197802197802,0.4188428059395801,0.0788628750554985,0.0,0.0,0.0626808530906718,0.8410404624277457,0.4744027303754266,0.0429393564486895,0.5,0.4995151906916613,0,2
279,0.0092945716982012,0.0,0.0,0.0063217756092189,0.1417830290010741,0.2578125,9.001200117165502e-06,0.0,0.0,0.132853716946053,0.2272727272727272,0.37109375,0.0060684247058687,0.0,0.0,0.0875140058902459,1.0,1.0,0,3
280,0.0092945716982012,0.0,0.0,0.0036763678911123,0.4135338345864661,0.37109375,1.3937778268154143e-05,0.3401098901098901,0.20942140296979,0.132853716946053,0.2272727272727272,0.37109375,0.0347798121263896,0.4205202312138728,0.2372013651877133,0.0875140058902459,1.0,1.0,0,2
281,0.0114153000932723,0.5,0.5,0.0036763678911123,0.4135338345864661,0.37109375,6.418711908335179e-06,0.0,0.4838709677419355,0.0702385225099872,0.0,0.0,0.0132616130083793,0.0,0.4445392491467577,0.0020823236303575,0.0,0.0,0,2
329,0.0120093384637279,0.0,0.0,0.0056057078640236,0.8270676691729323,0.7421875,8.789217212547364e-06,0.0,0.0,0.2019994362642845,0.4545454545454545,0.7421875,0.0056744431321954,0.0,0.0,0.0030693542671789,0.0,0.0,0,3
340,0.0145546032375394,0.0,0.0,0.0052778007883314,0.8270676691729323,0.7421875,3.043768432211497e-05,0.6802197802197802,0.9027137736815156,0.1046331003303866,0.2272727272727272,0.37109375,0.0730877247348842,0.8410404624277457,0.9189419795221844,0.010877053925342,0.1391408114558472,0.0627020038784744,0,2
341,1.0,0.5,0.5,0.0014551264302164,0.0,0.0,3.043768432211497e-05,0.6802197802197802,0.9027137736815156,0.1046331003303866,0.2272727272727272,0.37109375,0.0730877247348842,0.8410404624277457,0.9189419795221844,0.0343549065064264,0.4304295942720764,0.4684065934065934,0,1
342,1.0,0.5,0.5,0.005473111443269,0.0,0.0,8.257818721297884e-07,0.0,0.0,0.0308937555802047,0.0,0.0,0.0010061236901835,0.0,0.0,0.0343549065064264,0.4304295942720764,0.4684065934065934,0,1
349,0.0141392277392199,0.0,0.0,0.0068333534410445,0.8270676691729323,0.7421875,7.031637588356613e-06,0.0,0.0,0.2157193500525801,0.4545454545454545,0.7421875,0.0057748750956498,0.0,0.0,0.0066564282798864,0.0918854415274463,0.0307045895281189,0,3
400,0.0183822678914102,0.1562716562716562,0.3232323232323232,0.0138820396607512,0.8270676691729323,0.7421875,5.303731418116645e-05,0.6802197802197802,0.901689708141321,0.1076857476523991,0.2272727272727272,0.37109375,0.0482518765944852,0.4205202312138728,0.4594709897610921,0.0078945451292765,0.0459427207637231,0.0153522947640594,0,2
401,0.0183822678914102,0.1562716562716562,0.3232323232323232,0.0069190425673987,0.0,0.0,5.303731418116645e-05,0.6802197802197802,0.901689708141321,0.4536161569402716,0.0,0.0,0.0114293248277131,0.0,0.0,0.0541963057679387,0.4540572792362768,0.4842436974789916,0,2
460,0.015693081676374,0.0,0.0,0.0088176673294027,0.8270676691729323,0.7421875,7.4553713351829e-06,0.0,0.0,0.4007492694129159,0.4545454545454545,0.7421875,0.0086436118399092,0.0,0.0,0.0076444293693366,0.0459427207637231,0.0153522947640594,0,3
461,0.0283977525553458,1.0,1.0,0.006956636872912,0.0,0.0,7.4553713351829e-06,0.0,0.0,0.1440071761580322,0.0,0.0,0.0482763150389258,0.4205202312138728,0.2372013651877133,0.1195688727386236,0.9081145584725536,0.9691338073691016,0,2
462,0.0151125841359008,0.0,0.0,0.0111982085083102,0.0,0.0,2.3632961022387534e-05,0.3401098901098901,0.4508448540706605,0.1440071761580322,0.0,0.0,0.0482763150389258,0.4205202312138728,0.2372013651877133,0.1195688727386236,0.9081145584725536,0.9691338073691016,0,2
499,0.0296461204329438,0.0,0.0,0.0092231380690026,0.8270676691729323,0.7421875,8.570333504684858e-06,0.0,0.0,0.4112659718838905,0.4545454545454545,0.7421875,0.0133295347732933,0.0,0.0,0.0115737318284,0.0918854415274463,0.0307045895281189,0,3
522,0.0249288119395039,0.7331947331947332,0.5202020202020202,0.0056120894813369,0.0,0.0,2.236801936007281e-05,0.3401098901098901,0.4513568868407578,0.2367165794405952,0.0,0.0,0.0536324074454827,0.4201073492981007,0.4594709897610921,0.0605578369186482,0.4540572792362768,0.4839204912734324,0,2
573,0.014544434763088,0.0,0.0,0.007768728434025,0.0,0.0,0.0071763558232792,0.1057692307692307,0.0486431131592421,0.2039817226363336,0.0,0.0,0.0168865931381944,0.1589595375722543,0.0810580204778157,0.0110732593685572,0.0,0.0,1,1
574,0.0083426009707407,0.0,0.0,0.0105186438281153,0.0,0.0,0.0071763558232792,0.1057692307692307,0.0486431131592421,0.2039817226363336,0.0,0.0,0.00679020504915,0.0,0.0,0.0055104241169123,0.0,0.0,1,1
575,0.0083426009707407,0.0,0.0,0.0105186438281153,0.0,0.0,0.3087032513721664,0.0,0.0,0.092116526148645,0.0,0.0,0.0130477115247333,0.0,0.0,0.0055104241169123,0.0,0.0,1,1
576,0.0046931570814212,0.0,0.0,0.0016544008558406,0.0,0.0,0.8263283715083188,0.0,0.0,0.1805553717934181,0.0,0.0,0.0086575514244665,0.0,0.0,0.0057020115441698,0.0,0.0,1,1
577,0.0063876629199865,0.0,0.0,0.0016544008558406,0.0,0.0,0.5471113026045334,0.0,0.0,0.1805553717934181,0.0,0.0,0.0086575514244665,0.0,0.0,0.0065410046520487,0.0,0.0,1,1
578,0.0120404504998149,0.0,0.0,0.0022169567371172,0.4135338345864661,0.37109375,0.5471113026045334,0.0,0.0,0.0800184830283896,0.2272727272727272,0.37109375,0.0044969806525075,0.0,0.0,0.0065410046520487,0.0,0.0,1,1
579,0.0120404504998149,0.0,0.0,0.003291079751783,0.0,0.0,0.4989258572358935,0.0,0.0,0.0899892026020272,0.0,0.0,0.0044969806525075,0.0,0.0,0.0045762530308657,0.0459427207637231,0.0153522947640594,1,1
580,0.0100743260990069,0.1334026334026334,0.2398989898989899,0.0083076193739824,0.0,0.0,0.5587459952314332,0.0,0.0,0.0957498246071812,0.0,0.0,0.0037482975619787,0.0,0.0,0.0035332707804108,0.0,0.0,1,1
581,0.0100743260990069,0.1334026334026334,0.2398989898989899,0.0083076193739824,0.0,0.0,0.5598074286029973,0.0,0.0,0.0957498246071812,0.0,0.0,0.0037482975619787,0.0,0.0,0.0099418588444526,0.0,0.0,1,1
582,0.0064424636973638,0.0,0.0,0.0010347795148008,0.0,0.0,0.5598074286029973,0.0,0.0,0.1017318544007644,0.0,0.0,0.0065972361904794,0.0794797687861271,0.0405290102389078,0.0099418588444526,0.0,0.0,1,1
583,0.022369338033547,0.0,0.0,0.0050106929267063,0.0,0.0,0.4675524182838856,0.1057692307692307,0.0486431131592421,0.1017318544007644,0.0,0.0,0.0112929047440209,0.0,0.0,0.0013550396592198,0.0,0.0,1,1
584,0.0101763809801039,0.0,0.0,0.0050106929267063,0.0,0.0,0.4675524182838856,0.1057692307692307,0.0486431131592421,0.0714666490701626,0.0,0.0,0.0112929047440209,0.0,0.0,0.005912834011808,0.0,0.0,1,1
585,0.0101763809801039,0.0,0.0,0.0021515839414886,0.0,0.0,0.4599101834686603,0.0,0.0,0.1457330515436326,0.0,0.0,0.0028735537588029,0.0,0.0,0.0047660802578378,0.0,0.0,1,1
586,0.0067946692189092,0.0,0.0,0.0021515839414886,0.0,0.0,0.4599101834686603,0.0,0.0,0.1457330515436326,0.0,0.0,0.0097479821684164,0.0,0.0,0.0047660802578378,0.0,0.0,1,1
587,0.0097114483059948,0.1344421344421344,0.3333333333333333,0.0018055323176601,0.0,0.0,0.4238069672494909,0.0,0.0,0.0967669271027417,0.0,0.0,0.0097479821684164,0.0,0.0,0.0031183587785454,0.0,0.0,1,1
588,0.0097114483059948,0.1344421344421344,0.3333333333333333,0.0061554577169282,0.8270676691729323,0.7421875,0.5648817378218062,0.6802197802197802,0.9027137736815156,0.1746574166668481,0.4545454545454545,0.7421875,0.0321355780174741,0.4196944673823286,0.2372013651877133,0.1613726791416232,0.9995226730310264,0.997737556561086,1,1
589,0.013465815634927,0.4771309771309771,0.4166666666666667,0.0061554577169282,0.8270676691729323,0.7421875,0.7014894686455426,0.0,0.0,0.1746574166668481,0.4545454545454545,0.7421875,0.0163116573444416,0.0,0.4441126279863481,0.1613726791416232,0.9995226730310264,0.997737556561086,1,1
590,0.013465815634927,0.4771309771309771,0.4166666666666667,0.0036763250973667,0.0,0.0,0.5553722897594116,0.0,0.0,0.0710531423911672,0.0,0.0,0.0163116573444416,0.0,0.4441126279863481,0.0026777598995119,0.0,0.0,1,1
591,0.0031436111228263,0.0,0.0,0.0050472280870159,0.0,0.0,0.5553722897594116,0.0,0.0,0.0710531423911672,0.0,0.0,0.0011083411107659,0.0,0.0,0.0060478674755244,0.0,0.0,1,1
592,0.0150577833585235,0.0,0.0,0.0050472280870159,0.0,0.0,0.3171080993463244,0.0,0.0,0.1109670043777444,0.0,0.0,0.0193976898007416,0.1589595375722543,0.0810580204778157,0.0060478674755244,0.0,0.0,1,1
593,0.0150577833585235,0.0,0.0,0.0006819771776033,0.0,0.0,0.3171080993463244,0.0,0.0,0.1109670043777444,0.0,0.0,0.0193976898007416,0.1589595375722543,0.0810580204778157,0.0024111464448823,0.0050119331742243,0.003393665158371,1,1
594,0.0064592637855879,0.0,0.0,0.0088832701414139,0.0,0.0,0.4833612248685879,0.1403846153846153,0.0809011776753712,0.0687779345199026,0.0,0.0,0.0035830869820963,0.0086705202312138,0.0089590443686006,0.0086265675863534,0.0,0.0,1,1
595,0.0156109319181668,0.0,0.0,0.0088832701414139,0.0,0.0,0.8245327241587589,0.0,0.0,0.1557710978426473,0.0,0.0,0.006899992064015,0.0,0.0,0.0086265675863534,0.0,0.0,1,1
596,0.0156109319181668,0.0,0.0,0.0009478172745149,0.0,0.0,0.6178377469589961,0.0,0.0,0.1557710978426473,0.0,0.0,0.006899992064015,0.0,0.0,0.0017291792651217,0.0,0.0,1,1
597,0.0051538845926884,0.0,0.0,0.0033746880322572,0.0,0.0,0.6178377469589961,0.0,0.0,0.0867117979032582,0.0,0.0,0.0043582543533582,0.0,0.0,0.0098372239727365,0.0,0.0,1,1
598,0.0051538845926884,0.0,0.0,0.0063061558920734,0.8270676691729323,0.7421875,0.4499593061495285,0.0,0.0,0.1646130061500116,0.4545454545454545,0.7421875,0.0116078333434974,0.0,0.0,0.0098372239727365,0.0,0.0,1,1
599,0.0106535178798691,0.1334026334026334,0.2398989898989899,0.0063061558920734,0.8270676691729323,0.7421875,0.4499593061495285,0.0,0.0,0.1327714845526197,0.0,0.0,0.0062023246912186,0.0,0.0,0.002318076691391,0.0459427207637231,0.0153522947640594,1,1
600,0.0106535178798691,0.1334026334026334,0.2398989898989899,0.0011005802478855,0.0,0.0,0.4501314952058237,0.0,0.0,0.1327714845526197,0.0,0.0,0.0062023246912186,0.0,0.0,0.0038913209510047,0.0,0.0,1,1
601,0.0077898431108236,0.0,0.0,0.0040213764173917,0.0,0.0,0.4501314952058237,0.0,0.0,0.0303720571982401,0.0,0.0,0.0050604504637659,0.0,0.0,0.0081408058498081,0.0,0.0,1,1
602,0.011935537341774,0.0,0.0,0.0050915731058982,0.0,0.0,0.4789627495956906,0.0,0.0,0.0303720571982401,0.0,0.0,0.0050604504637659,0.0,0.0,0.0081408058498081,0.0,0.0,1,1
603,0.011935537341774,0.0,0.0,0.0050915731058982,0.0,0.0,0.7762400583352868,0.2115384615384615,0.0972862263184843,0.1263396050466907,0.0,0.0,0.003700508686035,0.0794797687861271,0.0405290102389078,0.0044431805507372,0.0,0.0,1,1
604,0.0086043697872559,0.0,0.0,0.0032279268817075,0.0,0.0,0.7762400583352868,0.2115384615384615,0.0972862263184843,0.1394967879960133,0.0,0.0,0.0110990524560422,0.0,0.0,0.0044431805507372,0.0,0.0,1,1
605,0.0086043697872559,0.0,0.0,0.0035976006531095,0.0,0.0,0.3890691385251062,0.0,0.0,0.1394967879960133,0.0,0.0,0.0062247358978784,0.0,0.0,0.0022720103090178,0.0,0.0,1,1
606,0.003326849294387,0.0,0.0,0.0035976006531095,0.0,0.0,0.5270260789119535,0.0,0.0,0.0535917384413662,0.0,0.0,0.0062247358978784,0.0,0.0,0.0022720103090178,0.0,0.0,1,1
607,0.0079994021060401,0.0,0.0,0.0005475245781331,0.0,0.0,0.5270260789119535,0.0,0.0,0.2122444871219215,0.0,0.0,0.0056783023233837,0.0,0.0,0.0014936604512745,0.0,0.0,1,1
608,0.0079994021060401,0.0,0.0,0.0055215860586022,0.8270676691729323,0.7421875,0.3946109301405485,0.0,0.0,0.2035482859067913,0.4545454545454545,0.7421875,0.0056783023233837,0.0,0.0,0.0160843688760046,0.0918854415274463,0.0307045895281189,1,1
609,0.01179935792407,0.0,0.0,0.0055215860586022,0.8270676691729323,0.7421875,0.6720921000767518,0.0,0.0,0.2035482859067913,0.4545454545454545,0.7421875,0.0035003143055493,0.0,0.0,0.0160843688760046,0.0918854415274463,0.0307045895281189,1,1
610,0.0186019645163629,0.2668052668052668,0.4797979797979798,0.003969740414102,0.0,0.0,0.511777665831889,0.0,0.0,0.0071156979629311,0.0,0.0,0.0053719383385685,0.0,0.0,0.0033039494778345,0.0,0.0,1,1
611,0.0110951833571293,0.0,0.0,0.004630074654866,0.0,0.0,0.511777665831889,0.0,0.0,0.1549762405325979,0.0,0.0,0.0085158865604606,0.0,0.0,0.0033039494778345,0.0,0.0,1,1
612,0.0110951833571293,0.0,0.0,0.0033075232485314,0.0,0.0,0.3663701639452925,0.0,0.0,0.208682534894755,0.0,0.0,0.0156982040328529,0.1589595375722543,0.0810580204778157,0.0011993389008981,0.0,0.0,1,1
613,0.002748562291838,0.0,0.0,0.0030784590267484,0.0,0.0,0.9531833161425928,0.2115384615384615,0.0972862263184843,0.208682534894755,0.0,0.0,0.0156982040328529,0.1589595375722543,0.0810580204778157,0.0099768219101967,0.0,0.0,1,1
614,0.0167538725591368,0.0,0.0,0.0030784590267484,0.0,0.0,0.9531833161425928,0.2115384615384615,0.0972862263184843,0.0544117176638698,0.0,0.0,0.001765649713063,0.0,0.0,0.0099768219101967,0.0,0.0,1,1
615,0.0167538725591368,0.0,0.0,0.0027659897947829,0.0,0.0,0.3779667968529763,0.0,0.0,0.1158741512771226,0.0,0.0,0.0054853892602484,0.0,0.0,0.000692602002017,0.0,0.0,1,1
616,0.0050635198586604,0.0,0.0,0.0028813617329318,0.0,0.0,0.3779667968529763,0.0,0.0,0.1158741512771226,0.0,0.0,0.0054853892602484,0.0,0.0,0.0049914929787919,0.0,0.0,1,1
617,0.011306202335533,0.0,0.0,0.0043537768363724,0.8270676691729323,0.7421875,0.4474236511457382,0.0,0.0,0.094051415845864,0.0,0.0,0.0069078778329973,0.0,0.0,0.0111016233564255,0.0,0.0,1,1
618,0.011306202335533,0.0,0.0,0.0043537768363724,0.8270676691729323,0.7421875,0.4474236511457382,0.0,0.0,0.094051415845864,0.0,0.0,0.0125787500509366,0.0,0.0,0.0111016233564255,0.0,0.0,1,1
619,0.0119690758287918,0.1334026334026334,0.2398989898989899,0.0010373364411007,0.0,0.0,0.4898542175726669,0.0,0.0,0.0970291998687631,0.2272727272727272,0.37109375,0.0125787500509366,0.0,0.0,0.0029788946966202,0.0459427207637231,0.0153522947640594,1,1
620,0.0119690758287918,0.1334026334026334,0.2398989898989899,0.0010373364411007,0.0,0.0,0.6390661590483434,0.0,0.0,0.2223485203109824,0.0,0.0,0.0036562721258357,0.0,0.0,0.0080818692577439,0.0,0.0,1,1
621,0.0029032279755315,0.0,0.0,0.0048019343372125,0.0,0.0,0.6390661590483434,0.0,0.0,0.2223485203109824,0.0,0.0,0.0135450915244852,0.0,0.0,0.0080818692577439,0.0,0.0,1,1
622,0.0180754657906712,0.0,0.0,0.007031328006646,0.0,0.0,0.4286308516865317,0.0,0.0,0.13813233319092,0.0,0.0,0.0135450915244852,0.0,0.0,0.002238405876954,0.0,0.0,1,1
632,0.021346876850233,0.3125433125433125,0.6464646464646465,0.0148046086253597,0.0,0.0,2.4640325623427088e-05,0.3401098901098901,0.4508448540706605,0.1453640943893893,0.0,0.0,0.0917851619696962,0.8137902559867878,0.8912116040955631,0.2468994858374653,0.8608591885441528,0.9372979961215256,0,2
633,0.0158666654520703,0.3437283437283437,0.1767676767676768,0.0046475184554179,0.0,0.0,9.004290211361653e-06,0.1057692307692307,0.0486431131592421,0.3492332708579284,0.0,0.0,0.0917851619696962,0.8137902559867878,0.8912116040955631,0.0114832856433948,0.0,0.0,0,3
691,0.0130592411620174,0.1334026334026334,0.2398989898989899,0.0068104373902734,0.0,0.0,5.8276184155691565e-06,0.0,0.0,0.2632004345085977,0.0,0.0,0.0223847595760156,0.5606936416184971,0.1160409556313993,0.1091055328081087,0.9081145584725536,0.7021654815772462,0,3
692,0.0300391849205862,0.7331947331947332,0.5202020202020202,0.0065670479621495,0.0,0.0,5.8276184155691565e-06,0.0,0.0,0.4637302388943142,0.0,0.0,0.0223847595760156,0.5606936416184971,0.1160409556313993,0.0120254407168392,0.0,0.2661603102779573,0,3
693,0.0300391849205862,0.7331947331947332,0.5202020202020202,0.0124358785202389,0.0,0.0,2.5236481740874155e-05,0.4458791208791209,0.4994879672299027,0.4637302388943142,0.0,0.0,0.044594823331156,0.1399669694467382,0.4014505119453925,0.0120254407168392,0.0,0.2661603102779573,0,2
740,0.00417693992747,0.0,0.0,0.0128947023621708,0.8270676691729323,0.7421875,1.5802253166671812e-05,0.0,0.0,0.5085085405290976,0.4545454545454545,0.7421875,0.0112486867823334,0.0,0.0,0.014865440217558,0.0,0.0,0,3
752,0.0145865480809374,0.3665973665973666,0.2601010101010101,0.0152385158089136,0.0,0.0,4.798380100316616e-05,0.6802197802197802,0.9027137736815156,0.1690403245215155,0.0,0.0,0.0162610135969441,0.0,0.0,0.0569958474332013,0.45381861575179,0.4837588881706529,0,2
753,0.0145865480809374,0.3665973665973666,0.2601010101010101,0.0050134210279885,0.0,0.0,4.798380100316616e-05,0.6802197802197802,0.9027137736815156,0.1966707436739256,0.0,0.0,0.0506520145359272,0.4199009083402146,0.4594709897610921,0.0091862711204374,0.0,0.0,0,2
813,0.0159275734830615,0.3665973665973666,0.2601010101010101,0.0053914984211835,0.0,0.0,2.492286160758698e-05,0.4458791208791209,0.4994879672299027,0.2652996215132669,0.0,0.0,0.1080168457136093,0.972749793559042,0.9718430034129693,0.0604307946303718,0.4540572792362768,0.4844861021331609,0,2
873,0.0121565191631943,0.3665973665973666,0.2601010101010101,0.0064755549340477,0.0,0.0,2.8968301783506704e-05,0.4458791208791209,0.5,0.1845810745244882,0.0,0.0,0.0205054357591316,0.1589595375722543,0.5264505119453925,0.1011485173006438,0.8608591885441528,0.9376212023270848,0,2
874,0.0156471230506936,0.0,0.0,0.0045380948479079,0.0,0.0,2.8968301783506704e-05,0.4458791208791209,0.5,0.2468057069616001,0.0,0.0,0.0205054357591316,0.1589595375722543,0.5264505119453925,0.1011485173006438,0.8608591885441528,0.9376212023270848,0,2
909,0.0189450914100614,0.0,0.0,0.0144004003012551,0.8270676691729323,0.7421875,1.4986089670745455e-05,0.0,0.0,0.4800541226481912,0.4545454545454545,0.7421875,0.0124409536773749,0.0,0.0,0.008082833017596,0.0459427207637231,0.0153522947640594,0,3
910,0.0169647681586796,0.1334026334026334,0.2398989898989899,0.0144004003012551,0.8270676691729323,0.7421875,5.197935386784407e-06,0.0,0.0,0.4800541226481912,0.4545454545454545,0.7421875,0.0188608995545898,0.0,0.0,0.0128280786614098,0.0,0.0,0,3
933,0.0322749538218627,0.7331947331947332,0.5202020202020202,0.013075463143603,0.0,0.0,5.858420425661141e-05,0.8917582417582418,0.9989759344598056,0.1725565548680153,0.0,0.0,0.0180154670059332,0.1589595375722543,0.5255972696245734,0.0533357953828072,0.45381861575179,0.4837588881706529,0,2
934,0.0322749538218627,0.7331947331947332,0.5202020202020202,0.0025862079202814,0.0,0.0,5.858420425661141e-05,0.8917582417582418,0.9989759344598056,0.3092767016201791,0.0,0.0,0.0180154670059332,0.1589595375722543,0.5255972696245734,0.015345901274917,0.0,0.0,0,2
994,0.0197111404757369,0.6874566874566874,0.3535353535353536,0.0048899878180114,0.0,0.0,5.803474153881605e-05,0.6802197802197802,0.9027137736815156,0.442706547758514,0.0,0.0,0.0849709834388994,0.972749793559042,0.9718430034129693,0.0512016361965177,0.4304295942720764,0.4684065934065934,0,2
1054,0.013118987375402,0.3665973665973666,0.2601010101010101,0.0061853170529235,0.0,0.0,1.0473904812379909e-05,0.0,0.4838709677419355,0.3049785098786896,0.0,0.0,0.0492437073283883,0.4995871180842279,0.4997866894197952,0.0564287952302454,0.4540572792362768,0.4838396897220426,0,2
1065,0.0230873207513353,0.0,0.0,0.0033377837758918,0.0,0.0,8.920008808197474e-06,0.0,0.0,0.2214396095183911,0.0,0.0,0.0224312372568809,0.0,0.0,0.0231325454574233,0.0918854415274463,0.0307045895281189,2,2
1066,0.0227596881862499,0.2668052668052668,0.4797979797979798,0.0064678520598389,0.4135338345864661,0.37109375,8.920008808197474e-06,0.0,0.0,0.2201183644027189,0.2272727272727272,0.37109375,0.0224312372568809,0.0,0.0,0.0231325454574233,0.0918854415274463,0.0307045895281189,2,2
1067,0.0227596881862499,0.2668052668052668,0.4797979797979798,0.0155130911791466,0.0,0.0,4.021867520589404e-06,0.1057692307692307,0.0317460317460317,0.2772415738174739,0.0,0.0,0.0045406406588426,0.0,0.0,0.0045262312174331,0.0,0.0,2,2
1068,0.0095281484450037,0.0,0.0,0.0071157493682867,0.0,0.0,6.551732524502276e-06,0.6346153846153846,0.0,0.2772415738174739,0.0,0.0,0.024306227620527,0.0,0.0,0.0045262312174331,0.0,0.0,2,2
1069,0.0095281484450037,0.0,0.0,0.0071157493682867,0.0,0.0,2.099138850259327e-05,0.2115384615384615,0.0,0.1802170633723688,0.0,0.0,0.0184755569896248,0.1589595375722543,0.0810580204778157,0.0069333553034884,0.0,0.0,2,2
1070,0.0119481322671562,0.0,0.0,0.0032232249189093,0.0,0.0,2.099138850259327e-05,0.2115384615384615,0.0,0.2420585029048467,0.0,0.0,0.0184755569896248,0.1589595375722543,0.0810580204778157,0.018788290839834,0.0,0.0,2,2
1071,0.0119481322671562,0.0,0.0,0.0189334561856182,0.0,0.0,6.159455448040358e-06,0.1057692307692307,0.0399385560675883,0.2171851299045719,0.0,0.0,0.0075970549851794,0.0,0.0,0.018788290839834,0.0,0.0,2,2
1072,0.0161545186160913,0.0,0.0,0.0189334561856182,0.0,0.0,6.159455448040358e-06,0.1057692307692307,0.0399385560675883,0.3207289441109464,0.0,0.0,0.0075970549851794,0.0,0.0,0.0031310348977107,0.0,0.0,2,2
1073,0.0279333133966802,0.0,0.0,0.0025191287240468,0.0,0.0,5.963301642545585e-06,0.0,0.0,0.3207289441109464,0.0,0.0,0.0111123131949206,0.0,0.0,0.0031310348977107,0.0,0.0,2,2
1074,0.0117863106095312,0.0,0.0,0.0060442902642848,0.0,0.0,1.344496320601787e-05,0.0,0.1136712749615975,0.2623139659577988,0.0,0.0,0.0239739838066105,0.0,0.0,0.0073341455464105,0.0,0.0,2,2
1075,0.0117863106095312,0.0,0.0,0.0090593771030117,0.8270676691729323,0.7421875,1.344496320601787e-05,0.0,0.1136712749615975,0.4011492102591861,0.4545454545454545,0.7421875,0.0239739838066105,0.0,0.0,0.0132512227786782,0.0,0.0,2,2
1076,0.0203193160073358,0.1334026334026334,0.2398989898989899,0.0162134108259596,0.0,0.0,5.332665936498782e-06,0.0,0.0,0.4011492102591861,0.4545454545454545,0.7421875,0.003913294258976,0.0,0.0,0.0154327735171375,0.0918854415274463,0.0307045895281189,2,2
1077,0.0203193160073358,0.1334026334026334,0.2398989898989899,0.0162134108259596,0.0,0.0,5.332665936498782e-06,0.0,0.0,0.1638861454830047,0.0,0.0,0.0105782941270196,0.0,0.0,0.0154327735171375,0.0918854415274463,0.0307045895281189,2,2
1078,0.0112346323146468,0.0,0.0,0.005495412333947,0.0,0.0,7.103167772782526e-06,0.0,0.0199692780337941,0.2622652294476378,0.0,0.0,0.0105782941270196,0.0,0.0,0.0068240020241634,0.0,0.0,2,2
1079,0.0112346323146468,0.0,0.0,0.005495412333947,0.0,0.0,8.116187368339141e-06,0.0,0.0,0.3714450609733937,0.0,0.0,0.0169234088922051,0.0794797687861271,0.0405290102389078,0.0068240020241634,0.0,0.0,2,2
1080,0.0203771395668048,0.0,0.0,0.004666861228431,0.0,0.0,8.116187368339141e-06,0.0,0.0,0.3714450609733937,0.0,0.0,0.0158869231315883,0.0,0.0,0.0101127321276675,0.0,0.0,2,2
1081,0.0203771395668048,0.0,0.0,0.004666861228431,0.0,0.0,8.342606997620718e-06,0.0,0.0,0.1657016223563583,0.0,0.0,0.0158869231315883,0.0,0.0,0.0164395946948098,0.0,0.0,2,2
1082,0.009500038627865,0.0,0.0,0.0076241390660648,0.0,0.0,7.2532205484616066e-06,0.0,0.0,0.1657016223563583,0.0,0.0,0.0094051186042903,0.0,0.0,0.0164395946948098,0.0,0.0,2,2
1083,0.009500038627865,0.0,0.0,0.0064749451231728,0.0,0.0,1.0949449545688684e-05,0.0,0.0,0.1993329964764005,0.0,0.0,0.0094051186042903,0.0,0.0,0.0037216724459351,0.0,0.0,2,2
1084,0.0132085398652624,0.0,0.0,0.006188612171335,0.0,0.0,1.0949449545688684e-05,0.0,0.0,0.3530052422732115,0.0,0.0,0.0152566288676093,0.0,0.0,0.0037216724459351,0.0,0.0,2,2
1085,0.0166551489072838,0.0,0.0,0.0118795384305113,0.8270676691729323,0.7421875,7.511200665501494e-06,0.2115384615384615,0.0317460317460317,0.3530052422732115,0.0,0.0,0.0152566288676093,0.0,0.0,0.0102565465144805,0.0459427207637231,0.0153522947640594,2,2
1086,0.0342907176510342,0.2668052668052668,0.4797979797979798,0.0118795384305113,0.8270676691729323,0.7421875,7.511200665501494e-06,0.2115384615384615,0.0317460317460317,0.1589726343658048,0.2272727272727272,0.37109375,0.0102081558454108,0.0,0.0,0.0102565465144805,0.0459427207637231,0.0153522947640594,2,2
1087,0.0342907176510342,0.2668052668052668,0.4797979797979798,0.0061530131242105,0.0,0.0,5.258723524390103e-06,0.0,0.0,0.1659665747930415,0.0,0.0,0.0161736563872506,0.0,0.0,0.0060902595234615,0.0,0.0,2,2
1088,0.0132513831747054,0.0,0.0,0.0102752543999914,0.0,0.0,1.5834558696904297e-05,0.2115384615384615,0.0,0.227143121042566,0.0,0.0,0.0341753232974648,0.0272502064409578,0.0281569965870307,0.0060902595234615,0.0,0.0,2,2
1089,0.0256108708456307,0.0457380457380457,0.1666666666666666,0.0102752543999914,0.0,0.0,1.5834558696904297e-05,0.2115384615384615,0.0,0.3626544013674359,0.0,0.0,0.0341753232974648,0.0272502064409578,0.0281569965870307,0.0086174787955264,0.0236276849642004,0.0159987071751777,2,2
1090,0.0256108708456307,0.0457380457380457,0.1666666666666666,0.0043195471891072,0.0,0.0,7.308072773896041e-06,0.0203296703296703,0.0,0.2853023581269303,0.0,0.0,0.0403546323303918,0.486168455821635,0.2636518771331058,0.1051507844118403,0.8608591885441528,0.6700064641241111,2,2
1091,0.0117490501935433,0.0,0.0,0.0043195471891072,0.0,0.0,7.308072773896041e-06,0.0203296703296703,0.0,0.2853023581269303,0.0,0.0,0.0146342017741008,0.0,0.4441126279863481,0.0141154342693527,0.0,0.2659987071751777,2,2
1092,0.0155688391634608,0.0,0.0,0.008741863558283,0.0,0.0,4.634542817484272e-06,0.0203296703296703,0.0168970814132104,0.1198834410253893,0.0,0.0,0.0205696564202071,0.0,0.0,0.0141154342693527,0.0,0.2659987071751777,2,2
1093,0.0219947803750376,0.0,0.0,0.008741863558283,0.0,0.0,4.634542817484272e-06,0.0203296703296703,0.0168970814132104,0.2152601214929181,0.0,0.0,0.0205696564202071,0.0,0.0,0.0065862277445513,0.0,0.0,2,2
1094,0.0219947803750376,0.0,0.0,0.0054171746685461,0.0,0.0,0.000925779402772,0.2653846153846154,0.0768049155145929,0.4680421639479453,0.0,0.0,0.0121793005148086,0.0,0.0,0.0147027254292019,0.0,0.0,2,2
1095,0.0058968926560933,0.0291060291060291,0.106060606060606,0.0118849839346394,0.8270676691729323,0.7421875,1.919825447443021e-05,0.0,0.0,0.3384003672488642,0.4545454545454545,0.7421875,0.0198675812001258,0.0173410404624277,0.0179180887372013,0.0147027254292019,0.0,0.0,2,2
1096,0.04462476653378,0.2668052668052668,0.4797979797979798,0.0118849839346394,0.8270676691729323,0.7421875,1.919825447443021e-05,0.0,0.0,0.3384003672488642,0.4545454545454545,0.7421875,0.0198675812001258,0.0173410404624277,0.0179180887372013,0.0057286755667434,0.0509546539379474,0.0187459599224305,2,2
1097,0.04462476653378,0.2668052668052668,0.4797979797979798,0.0049764579302229,0.0,0.0,3.852895551590807e-06,0.0181318681318681,0.4175627240143369,0.0955533712517897,0.0,0.0,0.0082993254896341,0.0,0.0,0.0141499154551708,0.0,0.0,2,2
1098,0.008659736051079,0.0,0.0,0.012711149288838,0.0,0.0,9.657264977822523e-06,0.2115384615384615,0.0634920634920634,0.3316928166236048,0.0,0.0,0.0206332261333714,0.0,0.0,0.0141499154551708,0.0,0.0,2,2
1099,0.0888517904647757,0.6874566874566874,0.3535353535353536,0.012711149288838,0.0,0.0,1.907181710242013e-05,0.0725274725274725,0.0363543266769073,0.4022636182956524,0.0,0.0,0.0206332261333714,0.0,0.0,0.0031332502068151,0.0,0.0,2,2
1100,0.0888517904647757,0.6874566874566874,0.3535353535353536,0.0043345677938143,0.0,0.0,1.907181710242013e-05,0.0725274725274725,0.0363543266769073,0.4022636182956524,0.0,0.0,0.0128005094057974,0.0794797687861271,0.0405290102389078,0.0157523937636304,0.0,0.0,2,2
1101,0.008755169599975,0.0,0.0,0.015074123635175,0.0,0.0,5.807746544987587e-06,0.1057692307692307,0.0168970814132104,0.1080210414439539,0.0,0.0,0.0128005094057974,0.0794797687861271,0.0405290102389078,0.0157523937636304,0.0,0.0,2,2
1102,0.008755169599975,0.0,0.0,0.015074123635175,0.0,0.0,5.807746544987587e-06,0.1057692307692307,0.0168970814132104,0.1080210414439539,0.0,0.0,0.0084686370413576,0.0,0.0,0.0065086450764604,0.0,0.0,2,2
1103,0.012179323689315,0.0,0.0,0.0052031203530338,0.0,0.0,5.014209134035021e-06,0.0296703296703296,0.0276497695852534,0.2351997183666134,0.0,0.0,0.0221711928655811,0.0,0.0,0.0095132266502488,0.0,0.0,2,2
1104,0.0342964136417785,0.0,0.0,0.0052031203530338,0.0,0.0,1.6387306929872632e-05,0.0,0.0,0.6413019648852607,0.0,0.0,0.0221711928655811,0.0,0.0,0.0080965933665948,0.0,0.0,2,2
1105,0.0342964136417785,0.0,0.0,0.0055341085784096,0.4135338345864661,0.37109375,7.05643162479213e-06,0.023076923076923,0.021505376344086,0.6413019648852607,0.0,0.0,0.0071347796763572,0.0,0.0,0.0182611008152036,0.0918854415274463,0.0307045895281189,2,2
1106,0.0084214092181323,0.0,0.0,0.0060657192323961,0.0,0.0,7.05643162479213e-06,0.023076923076923,0.021505376344086,0.258414542706665,0.2272727272727272,0.37109375,0.0071347796763572,0.0,0.0,0.0182611008152036,0.0918854415274463,0.0307045895281189,2,2
1107,0.0221320393577743,0.2668052668052668,0.4797979797979798,0.0060657192323961,0.0,0.0,3.124897450743159e-06,0.0,0.0,0.258414542706665,0.2272727272727272,0.37109375,0.0079010662582582,0.0,0.0,0.0062065599050535,0.0,0.0,2,2
1108,0.0151359438668954,0.0,0.0,0.0077080896965038,0.0,0.0,1.1319723441540466e-05,0.023076923076923,0.0614439324116743,0.1911340416484462,0.0,0.0,0.0314168664286317,0.0,0.0,0.0088502669564594,0.0,0.0,2,2
1109,0.0342295834254647,0.0,0.0,0.0080042866067034,0.0,0.0,1.6614300608273653e-05,0.0,0.0,0.1911340416484462,0.0,0.0,0.0314168664286317,0.0,0.0,0.0088502669564594,0.0,0.0,2,2
1110,0.0342295834254647,0.0,0.0,0.0080042866067034,0.0,0.0,1.6614300608273653e-05,0.0,0.0,0.2386832902269228,0.0,0.0,0.0114054257401133,0.0794797687861271,0.0405290102389078,0.010037311226467,0.0,0.0,2,2
1111,0.0136095006000016,0.0,0.0,0.0070483278220873,0.0,0.0,3.296660275567132e-06,0.0,0.0,0.2386832902269228,0.0,0.0,0.0114054257401133,0.0794797687861271,0.0405290102389078,0.010037311226467,0.0,0.0,2,2
1112,0.0136095006000016,0.0,0.0,0.0070483278220873,0.0,0.0,1.2228479839051868e-05,0.0,0.0,0.1186685453391064,0.0,0.0,0.0058171216150917,0.0,0.0,0.0068733947165814,0.0,0.0,2,2
1113,0.0091945628498806,0.0,0.0,0.0054767061178997,0.0,0.0,1.2228479839051868e-05,0.0,0.0,0.3997648254035458,0.0,0.0,0.0325224735581703,0.0,0.0,0.007458423717889,0.0,0.0,2,2
1114,0.0091945628498806,0.0,0.0,0.0054767061178997,0.0,0.0,3.2153101870554283e-06,0.0,0.0,0.3981838197130977,0.0,0.0,0.0325224735581703,0.0,0.0,0.007458423717889,0.0,0.0,2,2
1164,0.0230373728758195,0.7456687456687456,0.3535353535353536,0.0050046804054489,0.0451127819548872,0.0,5.10892846012422e-05,0.7032967032967032,0.9027137736815156,0.2748327173719531,0.024793388429752,0.0,0.0204385555108757,0.0794797687861271,0.0546075085324232,0.107540574206112,0.89618138424821,0.9565287653522948,0,2
1165,0.0230373728758195,0.7456687456687456,0.3535353535353536,0.0150252959714406,0.0902255639097744,0.0,5.10892846012422e-05,0.7032967032967032,0.9027137736815156,0.1986665958787,0.024793388429752,0.0,0.0428651524390748,0.4372419488026424,0.445179180887372,0.107540574206112,0.89618138424821,0.9565287653522948,0,2
1189,0.0281678771743699,0.0,0.0,0.0100396641320038,0.8270676691729323,0.7421875,5.739843862444113e-06,0.0,0.0,0.3464032036802597,0.4545454545454545,0.7421875,0.0136790566046263,0.0,0.0,0.0072163192117194,0.0,0.0,0,3
1225,0.0077390829911403,0.3437283437283437,0.1767676767676768,0.0072364277308906,0.0,0.0,2.645890102001142e-05,0.3401098901098901,0.4508448540706605,0.1898521541956189,0.0,0.0,0.0501266344767345,0.5,0.5,0.0552031871806018,0.4540572792362768,0.4842436974789916,0,2
1270,0.022589260853078,0.0,0.0,0.0086678571244787,0.8270676691729323,0.7421875,1.529101967746915e-05,0.0,0.0,0.4282497245382298,0.4545454545454545,0.7421875,0.0074069874943421,0.0,0.0,0.0145636495283282,0.0918854415274463,0.0307045895281189,0,3
1284,0.0414671724733865,0.7331947331947332,0.5202020202020202,0.0064306321995997,0.0,0.0,4.708041868251763e-05,0.6802197802197802,0.4188428059395801,0.5521412829559714,0.0,0.0,0.0483782999781114,0.4995871180842279,0.2777303754266211,0.101376285879014,0.8608591885441528,0.9358435681965094,0,2
1285,0.0414671724733865,0.7331947331947332,0.5202020202020202,0.005666565919491,0.0,0.0,1.0607511691477498e-05,0.0,0.4838709677419355,0.152844730000571,0.0,0.0,0.0228885188652981,0.0,0.4445392491467577,0.101376285879014,0.8608591885441528,0.9358435681965094,0,2
1344,0.0423967705007394,0.0,0.0,0.0058368689793412,0.0,0.0,5.182195448481723e-05,0.6802197802197802,0.9027137736815156,0.2858841816193684,0.0,0.0,0.0129421742698033,0.0931048720066061,0.0546075085324232,0.1039768445987099,0.9081145584725536,0.7021654815772462,0,2
1345,0.0112885797215696,0.3665973665973666,0.2601010101010101,0.0089684082982935,0.0,0.0,5.182195448481723e-05,0.6802197802197802,0.9027137736815156,0.2858841816193684,0.0,0.0,0.0824361736738698,0.8133773740710156,0.8907849829351536,0.1039768445987099,0.9081145584725536,0.7021654815772462,0,2
1379,0.0251865298167534,0.0,0.0,0.0137791634963187,0.8270676691729323,0.7421875,1.7753152992193276e-05,0.0,0.0,0.2906965351690864,0.4545454545454545,0.7421875,0.0234479992957859,0.0,0.0,0.0035302456453197,0.0,0.0,0,3
1380,0.0251865298167534,0.0,0.0,0.0137791634963187,0.8270676691729323,0.7421875,4.188714286464955e-06,0.0,0.0,0.2906965351690864,0.4545454545454545,0.7421875,0.0234479992957859,0.0,0.0,0.0086358638532598,0.0459427207637231,0.0153522947640594,0,3
1389,0.008939939725725,0.0,0.0,0.0094386687687382,0.8270676691729323,0.7421875,8.576684686431887e-06,0.0,0.0,0.2841410558538829,0.4545454545454545,0.7421875,0.0213937564758855,0.0,0.0,0.0140118702419167,0.0918854415274463,0.0307045895281189,0,3
1405,0.0089608318795019,0.3665973665973666,0.2601010101010101,0.0044416003007886,0.0,0.0,8.98752675569281e-06,0.0,0.0,0.1996044806103217,0.0,0.0,0.0973397562921694,0.8410404624277457,0.919368600682594,0.1072916832243174,0.9081145584725536,0.9684873949579832,0,2
1406,0.0274383790962321,0.0,0.0,0.0126384748103656,0.0,0.0,2.09103987215076e-05,0.3401098901098901,0.4513568868407578,0.1996044806103217,0.0,0.0,0.0973397562921694,0.8410404624277457,0.919368600682594,0.0158511122206991,0.0,0.0,0,2
1465,0.0236439444822269,0.7331947331947332,0.5202020202020202,0.0082186190815621,0.0,0.0,4.359167790744155e-05,0.6802197802197802,0.9027137736815156,0.2041123565810952,0.0,0.0,0.0812544242372234,0.8137902559867878,0.8912116040955631,0.0518941244213299,0.4540572792362768,0.4842436974789916,0,2
1466,0.0211017436167941,0.0,0.0,0.0066700257617278,0.0,0.0,4.359167790744155e-05,0.6802197802197802,0.9027137736815156,0.2041123565810952,0.0,0.0,0.0812544242372234,0.8137902559867878,0.8912116040955631,0.0235955785241242,0.0,0.0,0,2
1480,0.0312991504111076,0.2668052668052668,0.4797979797979798,0.0100030219873302,0.8270676691729323,0.7421875,6.319059423962086e-06,0.0,0.0,0.2593559445060303,0.2272727272727272,0.37109375,0.0111709357039591,0.0,0.0,0.0146785511195794,0.0918854415274463,0.0307045895281189,0,3
1525,0.0242132556726464,0.7331947331947332,0.5202020202020202,0.0037088108994985,0.0,0.0,4.018084903306605e-05,0.6802197802197802,0.4188428059395801,0.3274904231082738,0.0,0.0,0.0098550352020541,0.0136251032204789,0.0140784982935153,0.0554082605530114,0.4540572792362768,0.3511635423400129,0,3
1526,0.0247324750455458,0.0,0.0,0.0077823582419999,0.0,0.0,1.204925437567514e-05,0.0,0.4838709677419355,0.3274904231082738,0.0,0.0,0.0900222276393487,0.8137902559867878,0.8912116040955631,0.0201991951065896,0.0,0.266645119586296,0,2
1527,0.0247324750455458,0.0,0.0,0.010930030803045,0.0,0.0,1.204925437567514e-05,0.0,0.4838709677419355,0.1242370684536943,0.0,0.0,0.0900222276393487,0.8137902559867878,0.8912116040955631,0.0201991951065896,0.0,0.266645119586296,0,2
1548,0.0359336099994618,0.0,0.0,0.0055795769331141,0.0,0.0,9.888851049179084e-06,0.0,0.0,0.5433439241733592,0.0,0.0,0.0301167932602266,0.1589595375722543,0.0810580204778157,0.0165690865393769,0.0,0.0,3,3
1549,0.0359336099994618,0.0,0.0,0.0049235755590925,0.0,0.0,9.888851049179084e-06,0.0,0.0,0.5433439241733592,0.0,0.0,0.0173730000160133,0.0,0.0,0.0165690865393769,0.0,0.0,3,3
1550,0.0037461831978266,0.0,0.0,0.0113620871571016,0.0,0.0,1.208733093162968e-05,0.0,0.0,0.1584487587514275,0.0,0.0,0.0173730000160133,0.0,0.0,0.0061478107107384,0.0,0.0,3,3
1551,0.0207523346827622,0.0,0.0,0.0061313434412802,0.0,0.0,1.087755905383674e-05,0.0,0.0,0.1930262240944932,0.0,0.0,0.0093355973673657,0.0,0.0,0.0061478107107384,0.0,0.0,3,3
1552,0.0207523346827622,0.0,0.0,0.0061313434412802,0.0,0.0,1.087755905383674e-05,0.0,0.0,0.1971428681486473,0.0,0.0,0.020606834845197,0.0,0.0,0.0065801908599224,0.0,0.0,3,3
1553,0.0158026009785547,0.0,0.0,0.0031397022259263,0.0,0.0,7.50466016968316e-06,0.0,0.0,0.1971428681486473,0.0,0.0,0.020606834845197,0.0,0.0,0.0065801908599224,0.0,0.0,3,3
1554,0.0158026009785547,0.0,0.0,0.0031397022259263,0.0,0.0,1.945818880123841e-05,0.0,0.0,0.2761730551410905,0.2272727272727272,0.37109375,0.0114336768794628,0.0,0.0,0.006601681366068,0.0,0.0,3,3
1555,0.0113313099337235,0.0,0.0,0.0065659085786728,0.4135338345864661,0.37109375,1.945818880123841e-05,0.0,0.0,0.1985999390709882,0.0,0.0,0.013483158480355,0.0,0.0,0.0149609729128935,0.0918854415274463,0.0307045895281189,3,3
1556,0.0211998709374862,0.2668052668052668,0.4797979797979798,0.0097500360617545,0.0,0.0,4.839911943417763e-06,0.1057692307692307,0.0317460317460317,0.1985999390709882,0.0,0.0,0.013483158480355,0.0,0.0,0.0149609729128935,0.0918854415274463,0.0307045895281189,3,3
1557,0.0184074371790311,0.0457380457380457,0.1666666666666666,0.0089717141151414,0.0,0.0,6.926085833245415e-06,0.2115384615384615,0.0399385560675883,0.1353024334926676,0.0,0.0,0.056458832575509,0.4199009083402146,0.4594709897610921,0.010930468976587,0.0236276849642004,0.0159987071751777,3,3
1558,0.0184074371790311,0.0457380457380457,0.1666666666666666,0.0089717141151414,0.0,0.0,6.926085833245415e-06,0.2115384615384615,0.0399385560675883,0.4300698908352416,0.0,0.0,0.0264098308906141,0.1589595375722543,0.0810580204778157,0.1084621160224305,0.860381861575179,0.9353587588881708,3,3
1559,0.0166706226727533,0.0,0.0,0.0054074979328213,0.0,0.0,8.93836005930307e-06,0.0406593406593406,0.0,0.4300698908352416,0.0,0.0,0.0264098308906141,0.1589595375722543,0.0810580204778157,0.1084621160224305,0.860381861575179,0.9353587588881708,3,3
1560,0.0135104273747094,0.0,0.0,0.0077833424981488,0.0,0.0,1.41739445186552e-05,0.0406593406593406,0.0,0.0765419453035673,0.0,0.0,0.0053292733526121,0.0,0.0,0.0062318719867236,0.0,0.0,3,3
1561,0.0148957457878919,0.0,0.0,0.0108324182693218,0.0,0.0,1.41739445186552e-05,0.0406593406593406,0.0,0.2142683083892281,0.0,0.0,0.0145606446601264,0.0,0.0,0.0062318719867236,0.0,0.0,3,3
1562,0.0148957457878919,0.0,0.0,0.0108324182693218,0.0,0.0,4.35549387637972e-06,0.0115384615384615,0.0,0.2649495895330724,0.0,0.0,0.0145606446601264,0.0,0.0,0.0075442920435968,0.0,0.0,3,3
1563,0.0099448502660778,0.0291060291060291,0.106060606060606,0.00310074921899,0.0,0.0,1.2959806203411182e-05,0.0461538461538461,0.021505376344086,0.2649495895330724,0.0,0.0,0.010116195504059,0.0260115606936416,0.026877133105802,0.0116398163060336,0.0701670644391408,0.0475113122171945,3,3
1564,0.021978514928544,0.0,0.0,0.0115220073844245,0.8270676691729323,0.7421875,1.2959806203411182e-05,0.0461538461538461,0.021505376344086,0.2425138794379324,0.2272727272727272,0.37109375,0.0206935411069793,0.0,0.0,0.0113316942499979,0.0918854415274463,0.0307045895281189,3,3
1565,0.021978514928544,0.0,0.0,0.0115220073844245,0.8270676691729323,0.7421875,5.330455236698373e-06,0.0318681318681318,0.010752688172043,0.2273782621431369,0.0,0.0,0.0206935411069793,0.0,0.0,0.0113316942499979,0.0918854415274463,0.0307045895281189,3,3
1566,0.0106127617294895,0.1334026334026334,0.2398989898989899,0.0060234390117392,0.0,0.0,6.926940800019053e-06,0.0,0.0,0.2273782621431369,0.0,0.0,0.0088812171267817,0.0,0.0,0.0054731788142962,0.0,0.0,3,3
1567,0.0248979672242822,0.0,0.0,0.0060234390117392,0.0,0.0,1.397514031616215e-05,0.2115384615384615,0.0634920634920634,0.1863660701440641,0.0,0.0,0.0088812171267817,0.0,0.0,0.0204447530855625,0.0,0.0,3,3
1568,0.0298446781463979,0.0,0.0,0.0049625606613379,0.0,0.0,1.397514031616215e-05,0.2115384615384615,0.0634920634920634,0.1863660701440641,0.0,0.0,0.0146282874473641,0.0794797687861271,0.0405290102389078,0.0204447530855625,0.0,0.0,3,3
1569,0.0298446781463979,0.0,0.0,0.0085494682272647,0.0,0.0,6.375615476038273e-06,0.0,0.0,0.2373826450794631,0.0,0.0,0.0161167263427814,0.0,0.0,0.0047790575519569,0.0,0.0,3,3
1570,0.0108788590877075,0.0,0.0,0.0157375443748407,0.0,0.0,6.699531852042266e-06,0.2115384615384615,0.0399385560675883,0.294681205443148,0.0,0.0,0.0106974733903188,0.0,0.0,0.0047790575519569,0.0,0.0,3,3
1571,0.0108788590877075,0.0,0.0,0.005305135293336,0.0,0.0,1.2594197983381258e-05,0.0,0.0,0.294681205443148,0.0,0.0,0.0106974733903188,0.0,0.0,0.0078538798177409,0.0,0.0,3,3
1572,0.0081330316939524,0.0,0.0,0.005305135293336,0.0,0.0,1.2594197983381258e-05,0.0,0.0,0.142367720151274,0.0,0.0,0.0132893619879116,0.0,0.0,0.016169206514093,0.0,0.0,3,3
1573,0.0257246467185119,0.6874566874566874,0.3535353535353536,0.0015441106749822,0.0,0.0,2.333912726300457e-05,0.3401098901098901,0.20942140296979,0.3233161661348915,0.0,0.0,0.0132893619879116,0.0,0.0,0.016169206514093,0.0,0.0,3,3
1574,0.0202198932086044,0.0,0.0,0.0112240345337824,0.8270676691729323,0.7421875,1.3953863857309602e-05,0.0,0.0,0.3233161661348915,0.0,0.0,0.0097014486920159,0.0,0.0,0.0057934014106967,0.0,0.0,3,3
1575,0.0202198932086044,0.0,0.0,0.0121176642279259,0.0,0.0,1.3953863857309602e-05,0.0,0.0,0.153656502731673,0.2272727272727272,0.37109375,0.0097014486920159,0.0,0.0,0.0181467212605389,0.0918854415274463,0.0307045895281189,3,3
1576,0.0128052966215968,0.1334026334026334,0.2398989898989899,0.0121176642279259,0.0,0.0,3.945158680277452e-06,0.0,0.0,0.2720048274266972,0.0,0.0,0.0100642870577624,0.0,0.0,0.0177493978759736,0.0,0.0,3,3
1577,0.0128052966215968,0.1334026334026334,0.2398989898989899,0.0040437735939973,0.0,0.0,1.1530411682187092e-05,0.2115384615384615,0.0634920634920634,0.4694158301209385,0.0,0.0,0.0242244313658469,0.0,0.0,0.0177493978759736,0.0,0.0,3,3
1578,0.0123753315729774,0.0,0.0,0.0040437735939973,0.0,0.0,1.1530411682187092e-05,0.2115384615384615,0.0634920634920634,0.4694158301209385,0.0,0.0,0.0242244313658469,0.0,0.0,0.003222980264708,0.0,0.0,3,3
1579,0.0345075354358996,0.0,0.0,0.0051818144169411,0.0,0.0,9.199454698161214e-06,0.1057692307692307,0.0,0.1535511581787819,0.0,0.0,0.0109038145789381,0.0794797687861271,0.0405290102389078,0.0091182591230996,0.0,0.0,3,3
1580,0.0345075354358996,0.0,0.0,0.0136959831533005,0.0,0.0,6.137012570232349e-06,0.0,0.0,0.1774573375495718,0.0,0.0,0.0206419674338943,0.0,0.0,0.0183106809053707,0.0,0.0,3,3
1581,0.0072107233009635,0.0,0.0,0.0136959831533005,0.0,0.0,7.876772244098262e-06,0.0,0.0,0.2203350827674901,0.0,0.0,0.0206419674338943,0.0,0.0,0.0183106809053707,0.0,0.0,3,3
1582,0.0072107233009635,0.0,0.0,0.0043675296763659,0.0,0.0,8.425489919419444e-06,0.0,0.0,0.2203350827674901,0.0,0.0,0.0137615317049852,0.0,0.0,0.0086528701989826,0.0,0.0,3,3
1583,0.0104139881030288,0.0,0.0,0.0143642930784015,0.8270676691729323,0.7421875,8.425489919419444e-06,0.0,0.0,0.1529122242053646,0.0,0.0,0.0137615317049852,0.0,0.0,0.0086528701989826,0.0,0.0,3,3
1584,0.0350253359518988,0.0,0.0,0.0143642930784015,0.8270676691729323,0.7421875,7.602260733799519e-06,0.0,0.0,0.3545276301679332,0.4545454545454545,0.7421875,0.0065068381241146,0.0,0.0,0.0078087437313361,0.0459427207637231,0.0153522947640594,3,3
1585,0.0350253359518988,0.0,0.0,0.0076490022322608,0.0,0.0,7.602260733799519e-06,0.0,0.0,0.2172434127414655,0.0,0.0,0.0128082556859416,0.0,0.0,0.0088907984124599,0.0,0.0,3,3
1586,0.0121360279907154,0.1334026334026334,0.2398989898989899,0.0076490022322608,0.0,0.0,6.2700454002104975e-06,0.1057692307692307,0.0,0.2172434127414655,0.0,0.0,0.0128082556859416,0.0,0.0,0.0088907984124599,0.0,0.0,3,3
1587,0.018181571611034,0.0,0.0,0.0058194037819165,0.0,0.0,1.0875983472211036e-05,0.0,0.0,0.0781653232863547,0.0,0.0,0.0093185332328344,0.0,0.0,0.0092724004644385,0.0,0.0,3,3
1588,0.018181571611034,0.0,0.0,0.0058194037819165,0.0,0.0,1.6907016803945363e-05,0.0,0.0,0.4594692275832569,0.0,0.0,0.0234421965601197,0.1589595375722543,0.0810580204778157,0.0092724004644385,0.0,0.0,3,3
1589,0.0161266041488157,0.0,0.0,0.0036954271555608,0.0,0.0,1.6907016803945363e-05,0.0,0.0,0.4594692275832569,0.0,0.0,0.0234421965601197,0.1589595375722543,0.0810580204778157,0.0060797786350704,0.0,0.0,3,3
1590,0.0203220920317058,0.0,0.0,0.0073880994637483,0.0,0.0,6.976241848330365e-06,0.1057692307692307,0.0317460317460317,0.1289852773869459,0.0,0.0,0.0055915681638338,0.0,0.0,0.0097696938553248,0.0,0.0,3,3
1591,0.0203220920317058,0.0,0.0,0.0073880994637483,0.0,0.0,6.976241848330365e-06,0.1057692307692307,0.0317460317460317,0.3271966642119767,0.0,0.0,0.0160893493334842,0.0,0.0,0.0085243153431605,0.0,0.0,3,3
1592,0.0070361627759519,0.0,0.0,0.0077456733035807,0.0,0.0,6.447939558182563e-06,0.1057692307692307,0.0199692780337941,0.3271966642119767,0.0,0.0,0.0231316014138811,0.0,0.0,0.0173939980449729,0.0,0.0,3,3
1593,0.0286148582242199,0.0,0.0,0.0092982196956652,0.0,0.0,6.447939558182563e-06,0.1057692307692307,0.0199692780337941,0.1270384966511653,0.0,0.0,0.0231316014138811,0.0,0.0,0.0075808613757611,0.0,0.0,3,3
1594,0.0204855895855245,0.0,0.0,0.0092982196956652,0.0,0.0,6.311096019156197e-06,0.0,0.0,0.4141409235451439,0.4545454545454545,0.7421875,0.0052322914130875,0.0,0.0,0.0075808613757611,0.0,0.0,3,3
1595,0.0204855895855245,0.0,0.0,0.0067940366872706,0.4135338345864661,0.37109375,1.338016893838712e-05,0.0,0.0,0.224232663745044,0.0,0.0,0.0195111965179568,0.0,0.0,0.0049161590836892,0.0459427207637231,0.0153522947640594,3,3
1596,0.0081150697881216,0.1334026334026334,0.2398989898989899,0.0134264788419216,0.0,0.0,1.338016893838712e-05,0.0,0.0,0.2668545004147627,0.0,0.0,0.0195111965179568,0.0,0.0,0.0131182774613079,0.0,0.0,3,3
1597,0.0215289017963283,0.0,0.0,0.0091905613301614,0.0,0.0,6.512562832458581e-06,0.0,0.0,0.2668545004147627,0.0,0.0,0.0093518803644036,0.0,0.0,0.0131182774613079,0.0,0.0,3,3
1599,0.0107184974132696,0.0,0.0,0.0091756691066911,0.8270676691729323,0.7421875,1.123689548189147e-05,0.0,0.0,0.3299815119472279,0.4545454545454545,0.7421875,0.0127233348812874,0.0,0.0,0.0111605867195967,0.0918854415274463,0.0307045895281189,0,3
1619,0.0264176040906837,0.0,0.0,0.0113399520921878,0.8270676691729323,0.7421875,9.168798032420747e-06,0.0,0.0,0.2742580954944185,0.4545454545454545,0.7421875,0.0174573628653149,0.0,0.0,0.0049466379890106,0.0,0.0,0,3
1636,0.0376590222426793,0.7331947331947332,0.5202020202020202,0.0134368349283578,0.0,0.0,2.108736462983972e-05,0.3401098901098901,0.4508448540706605,0.2596934155299977,0.0,0.0,1.0,0.8410404624277457,0.9189419795221844,0.0596576182890565,0.4540572792362768,0.3511635423400129,0,2
1640,0.0289224417244112,0.2668052668052668,0.4797979797979798,0.0128779165154576,0.8270676691729323,0.7421875,8.481551312148026e-06,0.0,0.0,0.4748706347118173,0.4545454545454545,0.7421875,0.0140962026246852,0.0173410404624277,0.0179180887372013,0.0123214220758497,0.0918854415274463,0.0307045895281189,0,2
1690,0.0392993441981717,0.0,0.0,0.0088221606726911,0.8270676691729323,0.7421875,1.4559180333045652e-05,0.0,0.0,0.4423136410477311,0.4545454545454545,0.7421875,0.0068135089843737,0.0,0.0,0.0080441219968715,0.0459427207637231,0.0153522947640594,0,3
1696,0.0198860300110442,0.7331947331947332,0.5202020202020202,0.0129948718221939,0.0,0.0,4.025849222992348e-05,0.6802197802197802,0.4188428059395801,0.1053782162537768,0.0,0.0,0.0487677993104527,0.4205202312138728,0.2372013651877133,0.1054156309734078,0.9081145584725536,0.9688106011635425,0,2
1697,0.0227221810125402,0.0,0.0,0.0129948718221939,0.0,0.0,4.025849222992348e-05,0.6802197802197802,0.4188428059395801,0.1053782162537768,0.0,0.0,0.0334989698191348,0.0,0.4449658703071672,0.1054156309734078,0.9081145584725536,0.9688106011635425,0,2
1699,0.0087117402409428,0.0,0.0,0.0106612111915958,0.8270676691729323,0.7421875,9.998976876529248e-06,0.0,0.2414234511008704,0.5111999347500193,0.4545454545454545,0.7421875,0.0058367802420123,0.0,0.0,0.0151825841366533,0.0918854415274463,0.0307045895281189,0,3
1756,0.0174390570630727,0.7331947331947332,0.5202020202020202,0.0124083193480698,0.0,0.0,2.258581603875169e-05,0.3401098901098901,0.4508448540706605,0.3533840807130201,0.0,0.0,0.0953342415730561,0.8406275805119735,0.919368600682594,0.0055576081930028,0.0,0.0,0,2
1757,0.0174390570630727,0.7331947331947332,0.5202020202020202,0.0098203889795278,0.0,0.0,2.258581603875169e-05,0.3401098901098901,0.4508448540706605,0.3533840807130201,0.0,0.0,0.0953342415730561,0.8406275805119735,0.919368600682594,0.0621965699987648,0.4540572792362768,0.4841628959276018,0,2
1817,0.0154291331666498,0.3665973665973666,0.2601010101010101,0.0076179981635705,0.0,0.0,1.937792574191034e-05,0.3401098901098901,0.4508448540706605,0.2281094772749691,0.0,0.0,0.081152355604735,0.2799339388934764,0.8024744027303754,0.0119383141491022,0.0,0.2664835164835165,0,2
1877,0.0154955212753788,0.3665973665973666,0.2601010101010101,0.0050419644563065,0.0,0.0,2.177543578235845e-05,0.3401098901098901,0.4508448540706605,0.1165891209055678,0.0,0.0,0.096767108115362,0.8410404624277457,0.9189419795221844,0.062699739647638,0.4540572792362768,0.4841628959276018,0,2
1878,0.0174532456320747,0.0,0.0,0.0077201896280734,0.0,0.0,2.177543578235845e-05,0.3401098901098901,0.4508448540706605,0.4518187678438849,0.0,0.0,0.096767108115362,0.8410404624277457,0.9189419795221844,0.0093213581263678,0.0,0.0,0,2
1910,0.0156472053032676,0.0,0.0,0.0123347996931217,0.8270676691729323,0.7421875,7.948467314973376e-06,0.0,0.0,0.3827445622364396,0.4545454545454545,0.7421875,0.011467247193173,0.0,0.0,0.0178172358611159,0.0918854415274463,0.0307045895281189,0,3
1937,0.0251778521702043,0.7331947331947332,0.5202020202020202,0.0037623993674314,0.0,0.0,4.3962049513781743e-05,0.6802197802197802,0.901689708141321,0.1207920168591479,0.0,0.0,0.093377306166636,0.8410404624277457,0.4744027303754266,0.0585575868095811,0.4540572792362768,0.4841628959276018,0,2
1938,0.0251778521702043,0.7331947331947332,0.5202020202020202,0.0063275848601847,0.0,0.0,4.3962049513781743e-05,0.6802197802197802,0.901689708141321,0.2570345123158501,0.0,0.0,0.0230913170374289,0.0,0.4445392491467577,0.0078764010115061,0.0,0.0,0,2
1997,0.0103163028899215,0.3665973665973666,0.2601010101010101,0.0039467976172399,0.0,0.0,2.226297447812027e-05,0.3401098901098901,0.20942140296979,0.3052330785915583,0.0,0.0,0.0921982163171699,0.8398018166804293,0.4744027303754266,0.0593639994802389,0.45381861575179,0.3506787330316742,0,3
2058,0.0349944912366771,0.7331947331947332,0.5202020202020202,0.013577209112376,0.0,0.0,7.855495785245715e-06,0.0,0.0,0.2420759207641482,0.0,0.0,0.0538364796156684,0.4205202312138728,0.4598976109215017,0.1167114318616932,0.9081145584725536,0.9694570135746606,0,2
