,food_cpu,food_rx,food_tx,inside_cpu,inside_rx,inside_tx,assurance_cpu,assurance_rx,assurance_tx,train_cpu,train_rx,train_tx,order_other_cpu,order_other_rx,order_other_tx,food_map_cpu,food_map_rx,food_map_tx,label,class
9,0.2242503944872939,0.0420114576702737,0.1428571428571428,0.1122989494338028,0.0,0.0,0.0037894923768898,0.0,0.0,0.0420610501414735,0.0,0.0,0.0406622209722767,0.8410404624277457,0.4742004264392324,0.4965131617644363,0.3612113157395101,0.3517319520880544,0,3
13,0.0979632826122108,0.0,0.0,0.0894671720060183,0.0,0.0,0.0017661917003589,0.0,0.0,0.2814368708491636,0.8208955223880597,1.0,0.0051970821640323,0.0,0.0,0.8356010679810518,0.0,0.0,0,1
16,0.2311797765488024,0.2450668364099299,0.4112554112554112,0.1337604374719541,0.4268292682926829,0.37109375,0.0069935941678214,0.0258780036968576,0.021505376344086,0.0925637401707772,0.0,0.0,0.009033302188111,0.0520231213872832,0.053731343283582,0.8747497987111424,0.081070818302639,0.0375526060213661,0,1
25,0.233129179686805,0.0,0.0,0.212391665860118,0.8536585365853658,0.7421875,0.0115254579258747,0.0,0.0,0.1018301168365423,0.0,0.0,0.0037164158686952,0.0,0.0,0.875642027096843,0.0730966394531991,0.0307542894140498,0,1
26,0.0987027388556509,0.1225334182049649,0.2056277056277056,0.212391665860118,0.8536585365853658,0.7421875,0.0023180111534732,0.0,0.0,0.1543270302048458,0.0,0.0,0.0037164158686952,0.0,0.0,0.875642027096843,0.0730966394531991,0.0307542894140498,0,1
30,0.2302729137841812,0.0,0.0,0.1069631905888977,0.0,0.0,0.0065344070219919,0.118607516943931,0.0486431131592421,0.2803977165231844,0.0,0.0,0.0082525401001472,0.0,0.0,0.921794722923603,0.0,0.0,0,1
31,0.0606387972644632,0.0,0.0,0.1069631905888977,0.0,0.0,0.0030220685950911,0.0,0.0,0.2803977165231844,0.0,0.0,0.0027794286647012,0.0,0.0,0.921794722923603,0.0,0.0,0,1
33,0.0553658901181297,0.0,0.0,0.1908631976278672,0.0,0.0,0.0102859365898753,0.0,0.0,0.1715955258204974,0.0,0.0,0.001702176521391,0.0,0.0,0.9176030077434112,0.0,0.0,0,1
34,0.0553658901181297,0.0,0.0,0.1908631976278672,0.0,0.0,0.0050647526951482,0.0,0.0,0.1715955258204974,0.0,0.0,0.0048686000133784,0.0,0.0,0.9176030077434112,0.0,0.0,0,1
36,0.110066468752597,0.0,0.0,0.3357509260644242,0.8536585365853658,0.7421875,0.0030901980973671,0.0,0.0,0.0725617711730321,0.0,0.0,0.0030051668788329,0.0,0.0,0.7086589518329128,0.0730966394531991,0.0307542894140498,0,1
56,0.0899579718029536,0.0,0.0,0.1617394613428594,0.4268292682926829,0.37109375,0.0058286651715562,0.0,0.0,0.1833510029275703,0.0,0.0,0.0028531410541286,0.0,0.0,0.8859935089461429,0.0730966394531991,0.0307542894140498,0,1
57,0.0836440509882295,0.1225334182049649,0.2056277056277056,0.1624468777770934,0.0,0.0,0.0044080368101237,0.0,0.0,0.0213149261240454,0.0,0.0,0.00357322386071,0.0794797687861271,0.0405117270788912,0.8859935089461429,0.0730966394531991,0.0307542894140498,0,1
63,0.2072314837899774,0.0,0.0,0.0851033408708965,0.0,0.0,0.0081646603152478,0.0,0.0,0.2571158947868507,0.0,0.0,0.0023565676806335,0.0,0.0,0.7904806247088902,0.0,0.0,0,1
64,0.2072314837899774,0.0,0.0,0.2199352414806472,0.0,0.0,0.0081646603152478,0.0,0.0,0.2571158947868507,0.0,0.0,0.0012155896174731,0.0,0.0,0.7904806247088902,0.0,0.0,0,1
70,0.0929881493175894,0.6734563971992361,0.4458874458874459,0.2013204666836775,0.0,0.0,0.0301595790594173,0.7627849661121381,0.4188428059395801,0.2157837592020864,0.0,0.0,0.0068696627688793,0.0,0.0,0.6415345378628531,0.7224226314790203,0.7034639041761088,0,2
71,0.122887803645028,0.0,0.0,0.2013204666836775,0.0,0.0,0.0301595790594173,0.7627849661121381,0.4188428059395801,0.3675206114123389,0.8208955223880597,1.0,0.0203986602481471,0.4205202312138728,0.459275053304904,0.3988456222329159,0.0,0.133538361929427,0,2
77,0.1008202122996133,0.1225334182049649,0.2056277056277056,0.1834795385955496,0.0,0.0,0.0067113157475013,0.0,0.0,0.1447414797053089,0.0,0.0,0.0055271522016114,0.1589595375722543,0.0810234541577825,0.8954012815546378,0.0,0.0,0,1
78,0.1225977296967485,0.0,0.0,0.073025239104995,0.0,0.0,0.0067113157475013,0.0,0.0,0.3386331021454367,0.0,0.0,0.0055033721600702,0.0,0.0,0.8954012815546378,0.0,0.0,0,1
81,0.07886679193613,0.0,0.0,0.1669320211521033,0.0,0.0,0.0029984665162477,0.0,0.0,0.1129425164772178,0.0,0.0,0.0038608561853777,0.0,0.0,0.8752801403617889,0.0,0.0,0,1
106,0.0938814708727256,0.0,0.0,0.1912919148636639,0.0,0.0,0.0042782762649688,0.0,0.0,0.1581103437547736,0.0,0.0,0.0033067171280551,0.0794797687861271,0.0405117270788912,0.7760376028856044,0.0730966394531991,0.0307542894140498,0,1
112,0.0284093247423652,0.0,0.0,0.0919280617317624,0.0,0.0,0.0008743353976721,0.0,0.0,0.1203059374040902,0.0,0.0,0.0023742305312795,0.0,0.0,0.9726903946901996,0.0,0.0,0,1
113,0.0645035513813228,0.0,0.0,0.0919280617317624,0.0,0.0,0.0008743353976721,0.0,0.0,0.1203059374040902,0.0,0.0,0.0034284726625512,0.0,0.0,0.9726903946901996,0.0,0.0,0,1
115,0.0933302639925167,0.0,0.0,0.0486437885493563,0.0,0.0,0.0036063345455546,0.0,0.0,0.2810816104019138,0.0,0.0,0.0023984505896795,0.0,0.0,0.981360192562352,0.0730966394531991,0.0307542894140498,0,1
116,0.0933302639925167,0.0,0.0,0.0983575004619323,0.4268292682926829,0.37109375,0.0043562272446419,0.0,0.0,0.0951017152002421,0.0,0.0,0.0035084792061759,0.0,0.0,0.981360192562352,0.0730966394531991,0.0307542894140498,0,1
121,0.0461183060955887,0.0,0.0,0.1144182291712493,0.0,0.0,0.0043178471500673,0.0,0.0,0.3145692869985887,0.0,0.0,0.0011460956505395,0.0,0.0,0.9002747565051211,0.0,0.0,0,1
132,0.062499717891469,0.0,0.0,0.1274464818350593,0.0,0.0,0.0065420504722771,0.0,0.4838709677419355,0.2807007740053058,0.8208955223880597,1.0,0.003033748843485,0.0,0.0,0.4551367223030105,0.3611163850389216,0.4851893816769181,0,2
151,0.0531059020821866,0.0,0.0,0.1205859062233289,0.0,0.0,0.0028669452295491,0.0,0.0,0.2053452683092265,0.8208955223880597,1.0,0.0015390163570432,0.0,0.0,0.9517350739896936,0.0,0.0,0,1
152,0.0531059020821866,0.0,0.0,0.0621384829260996,0.0,0.0,0.0028669452295491,0.0,0.0,0.2053452683092265,0.8208955223880597,1.0,0.0015390163570432,0.0,0.0,0.9517350739896936,0.0,0.0,0,1
174,0.0319352831081908,0.0,0.0,0.0167203021477655,0.0,0.0,0.0088276965499755,0.0,0.0,0.2217285908282543,0.0,0.0,0.0012258487061911,0.0,0.0,0.9906144509703866,0.0,0.0,0,1
175,0.1007629276732139,0.0,0.0,0.1371006484650647,0.8536585365853658,0.7421875,0.0088276965499755,0.0,0.0,0.2217285908282543,0.0,0.0,0.005520370202636,0.0,0.0,0.9906144509703866,0.0,0.0,0,1
190,0.1524627344587406,0.0,0.0,0.0817789675591493,0.0,0.0,0.0257902938298008,0.7627849661121381,0.4188428059395801,0.2131886762309038,0.0,0.0,0.4296452357380276,0.8398018166804293,0.918550106609808,0.9032089314565636,0.722042908676666,0.7024927160893494,0,1
191,0.0713375475701361,0.336728198599618,0.2229437229437229,0.0822500285958135,0.0,0.0,0.0257902938298008,0.7627849661121381,0.4188428059395801,0.101830992725219,0.0,0.0,0.4296452357380276,0.8398018166804293,0.918550106609808,0.9032089314565636,0.722042908676666,0.7024927160893494,0,1
195,0.0720158692354606,0.0,0.0,0.1123058784193993,0.8536585365853658,0.7421875,0.0013872760490694,0.0,0.0,0.214437343128338,0.0,0.0,0.0028503766003855,0.0,0.0,0.8535359481373278,0.0730966394531991,0.0307542894140498,0,1
198,0.0825028058182594,0.1225334182049649,0.2056277056277056,0.0829709730495455,0.0,0.0,0.0010332041556309,0.0,0.0,0.0693176546924509,0.0,0.0,0.0023152491410368,0.0,0.0,0.6409662728132998,0.0,0.0,0,1
202,0.0532947488517187,0.0,0.0,0.1104009572998513,0.0,0.0,0.0023315576678935,0.0,0.0,0.2554485531019772,0.8208955223880597,1.0,0.0028450963980803,0.0,0.0,0.9594443627890384,0.0,0.0,0,1
203,0.0532947488517187,0.0,0.0,0.0521028921365911,0.0,0.0,0.0041324807585298,0.0,0.0,0.2554485531019772,0.8208955223880597,1.0,0.0016846715028792,0.0,0.0,0.9594443627890384,0.0,0.0,0,1
212,0.0482596094131054,0.0,0.0,0.0644634325534741,0.0,0.0,0.0030755269474521,0.0,0.0,0.0700700430656944,0.4104477611940298,0.5,0.0040453667329596,0.0,0.0,1.0000000000000002,0.0,0.0,0,1
213,0.0482596094131054,0.0,0.0,0.0644634325534741,0.0,0.0,0.0030755269474521,0.0,0.0,0.0700700430656944,0.4104477611940298,0.5,0.0040453667329596,0.0,0.0,1.0000000000000002,0.0,0.0,0,1
223,0.1846071761506908,0.0,0.0,0.1190423921937828,0.0,0.0,0.0021420184206744,0.0,0.0,0.182266652745876,0.8208955223880597,1.0,0.0019031829183848,0.0,0.0,0.952294402341882,0.0,0.0,0,1
224,0.1846071761506908,0.0,0.0,0.1190423921937828,0.0,0.0,0.0078300074672743,0.0,0.0,0.1163912405526647,0.0,0.0,0.0019031829183848,0.0,0.0,0.952294402341882,0.0,0.0,0,1
251,0.063162307857539,0.336728198599618,0.2229437229437229,0.1607777621356233,0.0,0.0,0.0229564566478919,0.7627849661121381,0.901689708141321,0.0978865156587874,0.4104477611940298,0.5,0.0206423961083608,0.4203137902559867,0.459275053304904,0.5156212891081922,0.3612113157395101,0.3516510197474911,0,2
291,0.1089059738240455,0.0,0.0,0.1094729131655125,0.0,0.0,0.0015680573882053,0.0,0.0,0.0981596177481672,0.0,0.0,0.0014900788298811,0.0,0.0,0.9041791454739528,0.0,0.0,0,1
293,0.0222274307201188,0.0,0.0,0.0322718054076883,0.0,0.0,0.0088683360932363,0.0,0.0,0.0904588045030487,0.0,0.0,0.0018912594180706,0.0,0.0,0.8931500344195874,0.0,0.0,0,1
294,0.101676295528666,0.0,0.0,0.06455944849674,0.0,0.0,0.0088683360932363,0.0,0.0,0.0904588045030487,0.0,0.0,0.0096872055025753,0.0,0.0,0.8931500344195874,0.0,0.0,0,1
312,0.0671906849223411,0.336728198599618,0.2229437229437229,0.0986680949908933,0.0,0.0,0.0094539302331302,0.381392483056069,0.4513568868407578,0.107272538717783,0.4104477611940298,0.5,0.0051415635151565,0.0,0.4443496801705757,0.3626868295419355,0.3612113157395101,0.4849465846552283,0,2
313,0.139708109936566,0.0,0.0,0.0986680949908933,0.0,0.0,0.007496810029941,0.0,0.0,0.1096197451934733,0.0,0.0,0.0029454967665504,0.0,0.0,0.927316153522467,0.0,0.0,0,1
357,0.0691716178373307,0.1225334182049649,0.2056277056277056,0.0869153255963327,0.4268292682926829,0.37109375,0.004294947332302,0.0,0.0,0.0729585487435552,0.0,0.0,0.0014797814788275,0.0794797687861271,0.0405117270788912,0.9015242764528506,0.0730966394531991,0.0307542894140498,0,1
371,0.0767779939946063,0.6734563971992361,0.4458874458874459,0.0617232937098008,0.073170731707317,0.12890625,0.0214949902781113,0.7627849661121381,0.4188428059395801,0.0870179634256917,0.0,0.0,0.0019778949113284,0.0,0.0,0.4688188521626756,0.3612113157395101,0.3517319520880544,0,3
372,0.0767779939946063,0.6734563971992361,0.4458874458874459,0.0617232937098008,0.073170731707317,0.12890625,0.0214949902781113,0.7627849661121381,0.4188428059395801,0.2172661131984511,0.8208955223880597,1.0,0.4359454449497826,0.4205202312138728,0.4590618336886993,0.4688188521626756,0.3612113157395101,0.3517319520880544,0,2
432,0.097843734973572,0.0,0.0,0.252420525635047,0.0,0.0,0.0342106484213674,0.7627849661121381,0.4188428059395801,0.3489486182680948,0.8208955223880597,1.0,0.0098790767669577,0.0,0.0140724946695095,5.21338455576145e-05,0.3612113157395101,0.3517319520880544,0,2
492,0.1726210816452622,0.0420114576702737,0.1428571428571428,0.2654221621954546,0.0,0.0,0.0057396815685687,0.0,0.0,0.4754619787236129,0.8208955223880597,1.0,0.0075631102071294,0.0,0.0422174840085287,2.370211479354565e-05,0.8346307195747105,0.0,0,3
757,0.0589190636598809,0.1225334182049649,0.2056277056277056,1.0,0.0,0.0,0.0054233536636558,0.0,0.0,0.3355247484097365,0.0,0.0,0.0046852851637822,0.0794797687861271,0.0405117270788912,6.688257189719819e-06,0.0062654262388456,0.0411136290061508,0,1
853,0.0968981071778765,0.0,0.0,0.2098008851504139,0.0,0.0,0.0126217078242377,0.237215033887862,0.0972862263184843,0.3368907843898419,0.0,0.0,0.0029484620975552,0.0,0.0,7.910681068398143e-06,0.0,0.0,1,1
854,0.0711941036794652,0.0,0.0,0.2098008851504139,0.0,0.0,0.0031888556011483,0.0,0.0,0.3368907843898419,0.0,0.0,0.0029484620975552,0.0,0.0,4.3626659627854364e-06,0.0,0.0,1,1
855,0.0711941036794652,0.0,0.0,0.0134214451004372,0.0,0.0,0.0079734722811496,0.0517560073937153,0.043010752688172,0.1323965295188498,0.4104477611940298,0.5,0.0029484620975552,0.0,0.0,4.3626659627854364e-06,0.0,0.0,1,1
856,0.0580633123232175,0.0267345639719923,0.0909090909090909,0.2431123683492736,0.0,0.0,0.0079734722811496,0.0517560073937153,0.043010752688172,0.3200432408721889,0.0,0.0,0.0029484620975552,0.0,0.0,6.281626958646298e-06,0.0,0.0,1,1
857,0.1879602185816724,0.0,0.0,0.2431123683492736,0.0,0.0,0.002508842968184,0.0129390018484288,0.010752688172043,0.3200432408721889,0.0,0.0,0.0029484620975552,0.0,0.0,9.350343059377284e-06,0.0,0.0,1,1
858,0.1879602185816724,0.0,0.0,0.0799499353294677,0.4268292682926829,0.37109375,0.0046440423320128,0.0,0.0,0.1273018354422397,0.0,0.0,0.0048025936583297,0.0,0.0,9.350343059377284e-06,0.0,0.0,1,1
859,0.0534183455775073,0.0,0.0,0.0799499353294677,0.4268292682926829,0.37109375,0.0046440423320128,0.0,0.0,0.1022822505714298,0.0,0.0,0.0048025936583297,0.0,0.0,3.5920823744404814e-06,0.0365483197265995,0.0153771447070249,1,1
860,0.1628428680706511,0.2450668364099299,0.4112554112554112,0.0503105945289609,0.0,0.0,0.0024831799057417,0.0,0.0,0.1257073676952636,0.0,0.0,0.0028903703066139,0.0794797687861271,0.0405117270788912,3.5920823744404814e-06,0.0365483197265995,0.0153771447070249,1,1
861,0.1628428680706511,0.2450668364099299,0.4112554112554112,0.1042082039189462,0.0,0.0,0.0124321380439283,0.237215033887862,0.0972862263184843,0.1257073676952636,0.0,0.0,0.00592537702438,0.0,0.0,4.3032979998393885e-06,0.0,0.0,1,1
862,0.0809172231174466,0.0,0.0,0.1042082039189462,0.0,0.0,0.002432021712854,0.0,0.0,0.1214600083244459,0.0,0.0,0.00592537702438,0.0,0.0,4.724822599544226e-06,0.0,0.0,1,1
863,0.0809172231174466,0.0,0.0,0.0482775421678266,0.0,0.0,0.002432021712854,0.0,0.0,0.1226708368310487,0.0,0.0,0.0014513047355982,0.0,0.0,4.724822599544226e-06,0.0,0.0,1,1
864,0.0613372979870593,0.0,0.0,0.1761378934124044,0.0,0.0,0.0007811585836094,0.0,0.0,0.1604405579901368,0.8208955223880597,1.0,0.0014513047355982,0.0,0.0,2.7150922991983207e-06,0.0,0.0,1,1
865,0.0613372979870593,0.0,0.0,0.1761378934124044,0.0,0.0,0.0007811585836094,0.0,0.0,0.0826196008470194,0.0,0.0,0.0031847176711698,0.0,0.0,8.484895167499031e-06,0.0,0.0,1,1
866,0.0433603467186861,0.0,0.0,0.0396875797383263,0.0,0.0,0.0021555598462463,0.0,0.0,0.0826196008470194,0.0,0.0,0.0030335192694717,0.0,0.0,8.484895167499031e-06,0.0,0.0,1,1
867,0.0433603467186861,0.0,0.0,0.0396875797383263,0.0,0.0,0.005585601416947,0.0,0.0,0.0359184428521177,0.0,0.0,0.0030335192694717,0.0,0.0,1.7490851981336218e-06,0.0,0.0,1,1
868,0.0638945288468916,0.0,0.0,0.0647579694332749,0.4268292682926829,0.37109375,0.0029024552136305,0.0,0.0,0.2126922225289779,0.0,0.0,0.0025553692105415,0.0,0.0,8.018217648055952e-06,0.0730966394531991,0.0307542894140498,1,1
869,0.1067567714676626,0.0,0.0,0.1124424784211591,0.0,0.0,0.0029024552136305,0.0,0.0,0.2126922225289779,0.0,0.0,0.0054474230599195,0.1589595375722543,0.0810234541577825,5.957372871217839e-06,0.0,0.0,1,1
870,0.1067567714676626,0.0,0.0,0.0791633304884164,0.0,0.0,0.0020653650973414,0.0,0.0,0.0802538255313841,0.0,0.0,0.0054474230599195,0.1589595375722543,0.0810234541577825,6.649764198666255e-06,0.0,0.0,1,1
871,0.069282403516891,0.1225334182049649,0.2056277056277056,0.0791633304884164,0.0,0.0,0.0093712466244523,0.237215033887862,0.0972862263184843,0.1632914004549015,0.0,0.0,0.0032873229067257,0.0,0.0,6.649764198666255e-06,0.0,0.0,1,1
872,0.069282403516891,0.1225334182049649,0.2056277056277056,0.0094245202502353,0.0,0.0,0.0093712466244523,0.237215033887862,0.0972862263184843,0.1632914004549015,0.0,0.0,0.0052494441702257,0.0,0.0,7.580636842780525e-07,0.0,0.0,1,1
873,0.0781512319447221,0.0,0.0,0.0947821438941338,0.0,0.0,0.0017371241983422,0.0,0.0,0.0484939269382715,0.0,0.0,0.0052494441702257,0.0,0.0,3.6655955434012655e-06,0.0,0.0,1,1
874,0.0966761375478887,0.0,0.0,0.1370414771277485,0.0,0.0,0.0017371241983422,0.0,0.0,0.1816784059106369,0.8208955223880597,1.0,0.0008888914482139,0.0,0.0,6.75686905749417e-06,0.0,0.0,1,1
875,0.1224295266338332,0.0,0.0,0.0586088796600177,0.0,0.0,0.0013101392851391,0.0,0.0,0.1816784059106369,0.8208955223880597,1.0,0.0081644410725548,0.0,0.0,6.75686905749417e-06,0.0,0.0,1,1
876,0.1224295266338332,0.0,0.0,0.0586088796600177,0.0,0.0,0.00744233899675,0.0,0.0,0.0577417347640916,0.0,0.0,0.0081644410725548,0.0,0.0,3.868834472909222e-06,0.0,0.0,1,1
877,0.0765635915110954,0.0,0.0,0.0247471470176766,0.0,0.0,0.00744233899675,0.0,0.0,0.2587856889600188,0.0,0.0,0.0014745969323612,0.0,0.0,3.868834472909222e-06,0.0,0.0,1,1
878,0.0765635915110954,0.0,0.0,0.0247471470176766,0.0,0.0,0.0011802260745324,0.0,0.0,0.1460027593996869,0.0,0.0,0.0042075320765833,0.0,0.0,3.79140407230073e-06,0.0365483197265995,0.0153771447070249,1,1
879,0.0397314353336885,0.0,0.0,0.0797213887886813,0.4268292682926829,0.37109375,0.0011802260745324,0.0,0.0,0.1460027593996869,0.0,0.0,0.0060590751903582,0.1589595375722543,0.0810234541577825,5.0033968138685455e-06,0.0,0.0,1,1
880,0.1559681818749052,0.2450668364099299,0.4112554112554112,0.0759344232004434,0.0,0.0,0.0019835211486483,0.0,0.0,0.001255498829112,0.0,0.0,0.0060590751903582,0.1589595375722543,0.0810234541577825,5.0033968138685455e-06,0.0,0.0,1,1
881,0.1559681818749052,0.2450668364099299,0.4112554112554112,0.0759344232004434,0.0,0.0,0.0049386561208358,0.0,0.0,0.1137273127314974,0.0,0.0,0.0005037045162823,0.0,0.0,3.5719629140003115e-06,0.0,0.0,1,1
882,0.0724696988886384,0.0,0.0,0.044311522793063,0.0,0.0,0.0065011361312032,0.237215033887862,0.0972862263184843,0.1137273127314974,0.0,0.0,0.0062126410740681,0.0,0.0,3.5719629140003115e-06,0.0,0.0,1,1
883,0.0726860263480074,0.0,0.0,0.1259430019445153,0.0,0.0,0.0065011361312032,0.237215033887862,0.0972862263184843,0.1054421065613171,0.0,0.0,0.0062126410740681,0.0,0.0,2.3005514188005785e-06,0.0,0.0,1,1
884,0.0726860263480074,0.0,0.0,0.1259430019445153,0.0,0.0,0.0022667613613145,0.0,0.0,0.1477026841433318,0.0,0.0,0.0033051005443783,0.0,0.0,5.222939553540704e-06,0.0,0.0,1,1
885,0.0310718318680948,0.0,0.0,0.0388185969574054,0.0,0.0,0.0030211984020161,0.0,0.0,0.2669969701258897,0.8208955223880597,1.0,0.0033051005443783,0.0,0.0,6.975776913592957e-06,0.0,0.0,1,1
886,0.0310718318680948,0.0,0.0,0.0905378652565264,0.0,0.0,0.0030211984020161,0.0,0.0,0.2669969701258897,0.8208955223880597,1.0,0.0009424682835609,0.0,0.0,6.975776913592957e-06,0.0,0.0,1,1
887,0.0689257519553108,0.0,0.0,0.0905378652565264,0.0,0.0,0.0032505884209951,0.0,0.0,0.0267846757319976,0.0,0.0,0.0047976712088618,0.0,0.0,3.2045176970753306e-06,0.0,0.0,1,1
888,0.1570825437613391,0.0,0.0,0.0588135596948606,0.4268292682926829,0.37109375,0.0032505884209951,0.0,0.0,0.2323271941712061,0.0,0.0,0.0047976712088618,0.0,0.0,3.2045176970753306e-06,0.0,0.0,1,1
889,0.1570825437613391,0.0,0.0,0.0588135596948606,0.4268292682926829,0.37109375,0.0019872410968231,0.0,0.0,0.2323271941712061,0.0,0.0,0.0033029578535878,0.0794797687861271,0.0405117270788912,3.720278065575826e-06,0.0365483197265995,0.0153771447070249,1,1
890,0.0329433066730814,0.1225334182049649,0.2056277056277056,0.0758996682885625,0.0,0.0,0.0038748221867316,0.0,0.0,0.0218583274590399,0.0,0.0,0.0052875438908446,0.0,0.0,9.388740817894844e-06,0.0,0.0,1,1
891,0.1886655562874889,0.0,0.0,0.0968940547103903,0.0,0.0,0.0035584179490929,0.0,0.0,0.2281400959413421,0.0,0.0,0.0052875438908446,0.0,0.0,9.388740817894844e-06,0.0,0.0,1,1
892,0.1886655562874889,0.0,0.0,0.0968940547103903,0.0,0.0,0.0072532577458862,0.237215033887862,0.0972862263184843,0.1941969572328084,0.0,0.0,0.001720676360627,0.0,0.0,1.090520467474483e-06,0.0,0.0,1,1
893,0.0559226727904795,0.0,0.0,0.0263016594370584,0.0,0.0,0.0072532577458862,0.237215033887862,0.0972862263184843,0.1941969572328084,0.0,0.0,0.001720676360627,0.0,0.0,9.816347602232588e-06,0.0,0.0,1,1
894,0.0559226727904795,0.0,0.0,0.1871120867904938,0.0,0.0,0.0022356634087893,0.0,0.0,0.0972427374814486,0.4104477611940298,0.5,0.0032541972897276,0.0,0.0,9.816347602232588e-06,0.0,0.0,1,1
895,0.059409666989797,0.0,0.0,0.1871120867904938,0.0,0.0,0.0022356634087893,0.0,0.0,0.0972427374814486,0.4104477611940298,0.5,0.0057934484914208,0.0,0.0,3.284906655135737e-06,0.0,0.0,1,1
896,0.1092669399866871,0.0,0.0,0.0225897028675001,0.0,0.0,0.0023243620362668,0.0,0.0,0.0523756903754549,0.0,0.0,0.0022519823692131,0.0,0.0,5.893109955921088e-06,0.0,0.0,1,1
897,0.1092669399866871,0.0,0.0,0.0776061784554741,0.0,0.0,0.005865996963362,0.0,0.0,0.2179013076667587,0.0,0.0,0.0062139419934766,0.0,0.0,5.893109955921088e-06,0.0,0.0,1,1
898,0.0653484830260938,0.0,0.0,0.0776061784554741,0.0,0.0,0.005865996963362,0.0,0.0,0.2179013076667587,0.0,0.0,0.0062139419934766,0.0,0.0,4.569663403047757e-06,0.0365483197265995,0.0153771447070249,1,1
899,0.0653484830260938,0.0,0.0,0.0811555788232602,0.4268292682926829,0.37109375,0.0014954293439506,0.0,0.0,0.034113061111804,0.0,0.0,0.0025572823273188,0.0794797687861271,0.0405117270788912,4.569663403047757e-06,0.0365483197265995,0.0153771447070249,1,1
900,0.0760804889491782,0.1225334182049649,0.2056277056277056,0.1025010338486445,0.0,0.0,0.0051702089003815,0.0,0.0,0.1837041612419961,0.0,0.0,0.0057514842749118,0.0,0.0,3.713713369427157e-06,0.0,0.0,1,1
901,0.1384860821590317,0.0,0.0,0.1025010338486445,0.0,0.0,0.0051702089003815,0.0,0.0,0.1837041612419961,0.0,0.0,0.0029141025202357,0.0,0.0,6.016836066699892e-06,0.0,0.0,1,1
902,0.0746557413002375,0.0,0.0,0.0441694235963854,0.0,0.0,0.0034435168412435,0.118607516943931,0.0486431131592421,0.0258276797638884,0.0,0.0,0.0029141025202357,0.0,0.0,6.016836066699892e-06,0.0,0.0,1,1
1016,0.1286511149858441,0.4382558879694462,0.3571428571428571,0.2217081819221666,0.8536585365853658,0.7421875,0.0362940229531692,0.7627849661121381,0.901689708141321,0.2120622833927302,0.0,0.0,0.0073706984872574,0.0,0.0,1.803221085551509e-05,0.0125308524776912,0.011492392359987,0,2
1102,0.2208280529254189,0.0,0.0,0.1481353329872506,0.0,0.0,0.0087097370442423,0.0,0.0,0.3725650294789092,0.8208955223880597,1.0,0.6111319683353538,0.7014863748967795,0.3863539445628998,1.2269055218227582e-05,0.0666413518131763,0.1020556814503075,0,1
1103,0.2208280529254189,0.0,0.0,0.2478392563328728,0.0,0.0,0.0087097370442423,0.0,0.0,0.3725650294789092,0.8208955223880597,1.0,0.6111319683353538,0.7014863748967795,0.3863539445628998,1.2269055218227582e-05,0.0666413518131763,0.1020556814503075,0,1
1128,0.222152170801913,0.8765117759388924,0.7142857142857143,0.2256524244850553,0.0,0.0,0.0389035335202494,0.7627849661121381,0.9027137736815156,0.3859373970830805,0.0,0.0,0.0077964530604506,0.0794797687861271,0.0405117270788912,1.7891711120727782e-05,0.0730966394531991,0.0200712204596956,0,2
1178,0.0765901429022422,0.0,0.0,0.1747421977422505,0.0,0.0,0.0171291247546144,0.0,0.0,0.1570543723662027,0.0,0.0,0.0117597901287937,0.0,0.0,1.175067278056906e-05,0.0,0.0,2,2
1179,0.0765901429022422,0.0,0.0,0.1747421977422505,0.0,0.0,0.0048215413639357,0.0,0.0,0.3860270880835695,0.0,0.0,0.0064184541769647,0.0,0.0,1.175067278056906e-05,0.0,0.0,2,2
1180,0.0798282841880358,0.0,0.0,0.142791105382172,0.4268292682926829,0.37109375,0.0076991121089279,0.0,0.0,0.3860270880835695,0.0,0.0,0.0064184541769647,0.0,0.0,6.807043906297786e-06,0.0365483197265995,0.0153771447070249,2,2
1181,0.1781302297943249,0.2450668364099299,0.4112554112554112,0.2451668675705876,0.0,0.0,0.0076991121089279,0.0,0.0,0.1709617327740726,0.0,0.0,0.00571766037029,0.0794797687861271,0.0405117270788912,1.4775232728772e-05,0.0,0.0,2,2
1182,0.1476011747397499,0.0,0.0,0.1273419971316199,0.0,0.0,0.0032286860175147,0.0,0.0,0.2572826639908852,0.0,0.0,0.0111806514179844,0.0,0.0,1.4775232728772e-05,0.0,0.0,2,2
1183,0.1476011747397499,0.0,0.0,0.1273419971316199,0.0,0.0,0.0149914522104669,0.237215033887862,0.0972862263184843,0.4828345088927225,0.0,0.0,0.0111806514179844,0.0,0.0,3.99855388462066e-06,0.0,0.0,2,2
1184,0.0538599615907575,0.0,0.0,0.0945892321364152,0.0,0.0,0.0051753689926513,0.0,0.0,0.4828345088927225,0.0,0.0,0.0058454470054265,0.0,0.0,3.99855388462066e-06,0.0,0.0,2,2
1185,0.1928937325706712,0.0,0.0,0.0945892321364152,0.0,0.0,0.0064859815406909,0.0,0.0,0.2274465672871695,0.4104477611940298,0.5,0.0058454470054265,0.0,0.0,5.578372773257481e-06,0.0,0.0,2,2
1186,0.1428304207784815,0.0,0.0,0.1617618980581242,0.0,0.0,0.0064859815406909,0.0,0.0,0.2274465672871695,0.4104477611940298,0.5,0.0071953565518304,0.0,0.0,1.762175862532986e-05,0.0,0.0,2,2
1187,0.1428304207784815,0.0,0.0,0.1617618980581242,0.0,0.0,0.0050396952056646,0.0,0.0,0.1850458475168906,0.0,0.0,0.0134915243043933,0.0,0.0,1.762175862532986e-05,0.0,0.0,2,2
1188,0.0954308773031008,0.336728198599618,0.2229437229437229,0.1048125654404195,0.0,0.0,0.0050396952056646,0.0,0.0,0.1850458475168906,0.0,0.0,0.0486993489060975,0.8410404624277457,0.4742004264392324,5.272800134975502e-05,0.3612113157395101,0.485432178698608,2,2
1189,0.0972756679599849,0.0,0.0,0.2950557838332468,0.8536585365853658,0.7421875,0.0182276951678443,0.381392483056069,0.4508448540706605,0.2734394816981309,0.0,0.0,0.0486993489060975,0.8410404624277457,0.4742004264392324,1.5949576874438835e-05,0.0730966394531991,0.0307542894140498,2,2
1190,0.0972756679599849,0.0,0.0,0.2263697394701415,0.0,0.0,0.008114382493132,0.0,0.0,0.2734394816981309,0.0,0.0,0.0061509095784582,0.0,0.2223880597014925,1.0452399361379943e-05,0.0,0.0,2,2
1191,0.1062784481561519,0.1225334182049649,0.2056277056277056,0.2263697394701415,0.0,0.0,0.008114382493132,0.0,0.0,0.1812296005527208,0.0,0.0,0.0115920576153483,0.1589595375722543,0.0810234541577825,1.0452399361379943e-05,0.0,0.0,2,2
1192,0.0930571829345712,0.0,0.0,0.0593851460146234,0.0,0.0,0.0058229656613568,0.0,0.0,0.1812296005527208,0.0,0.0,0.0119672485121188,0.0,0.0,5.082909632597698e-06,0.0,0.0,2,2
1193,0.1883985820495071,0.0,0.0,0.1887350091946538,0.0,0.0,0.0058229656613568,0.0,0.0,0.1399904843454169,0.0,0.0,0.0119672485121188,0.0,0.0,1.3592343050207573e-05,0.0079741788494399,0.0067983166073162,2,2
1194,0.1883985820495071,0.0,0.0,0.1887350091946538,0.0,0.0,0.0089224814401302,0.1574245224892175,0.0809011776753712,0.3371027494495915,0.0,0.0,0.0044312997804344,0.0086705202312138,0.008955223880597,1.3592343050207573e-05,0.0079741788494399,0.0067983166073162,2,2
1195,0.0675992444536135,0.0,0.0,0.1304646599737798,0.0,0.0,0.0089224814401302,0.1574245224892175,0.0809011776753712,0.3780960912942271,0.8208955223880597,1.0,0.0070271792387342,0.0,0.0,2.2244669713676358e-06,0.0,0.0,2,2
1196,0.1679737916528267,0.0,0.0,0.1619882449209435,0.0,0.0,0.0053217802497458,0.0,0.0,0.263610434146485,0.0,0.0,0.0070271792387342,0.0,0.0,1.74906043767426e-05,0.0,0.0,2,2
1197,0.1679737916528267,0.0,0.0,0.1374585360703193,0.0,0.0,0.0092362089435146,0.0,0.0,0.2126690990679143,0.0,0.0,0.0022697743552416,0.0,0.0,1.74906043767426e-05,0.0,0.0,2,2
1198,0.1074402706542607,0.0,0.0,0.1815864957370241,0.0,0.0,0.0119036204276022,0.0,0.0,0.2126690990679143,0.0,0.0,0.0177038439557117,0.0,0.0,3.825795715470311e-06,0.0,0.0,2,2
1199,0.1074402706542607,0.0,0.0,0.2242219739030206,0.8536585365853658,0.7421875,0.0119036204276022,0.0,0.0,0.2046720602723523,0.0,0.0,0.005431735502346,0.0,0.0,1.4338191574533942e-05,0.0730966394531991,0.0307542894140498,2,2
1200,0.0676554006458891,0.0,0.0,0.2429788478966679,0.0,0.0,0.0029592111397496,0.0,0.0,0.2349846404161662,0.0,0.0,0.005431735502346,0.0,0.0,1.4338191574533942e-05,0.0730966394531991,0.0307542894140498,2,2
1201,0.1827757939463359,0.2450668364099299,0.4112554112554112,0.2429788478966679,0.0,0.0,0.0029592111397496,0.0,0.0,0.2349846404161662,0.0,0.0,0.0054283492856503,0.0794797687861271,0.0405117270788912,7.450453966060528e-06,0.0,0.0,2,2
1202,0.1827757939463359,0.2450668364099299,0.4112554112554112,0.0556908968527007,0.0,0.0,0.0050214516841782,0.0,0.0,0.1900681931888093,0.0,0.0,0.0054283492856503,0.0794797687861271,0.0405117270788912,1.553994999289899e-05,0.0,0.0,2,2
1203,0.103438179466694,0.0,0.0,0.2809653066791022,0.0,0.0,0.0178319252506794,0.237215033887862,0.0972862263184843,0.1900681931888093,0.0,0.0,0.0051350780492816,0.0,0.0,1.553994999289899e-05,0.0,0.0,2,2
1204,0.103438179466694,0.0,0.0,0.2809653066791022,0.0,0.0,0.0178319252506794,0.237215033887862,0.0972862263184843,0.2352615964157233,0.0,0.0,0.009463533454563,0.0,0.0,5.820333251905416e-06,0.0,0.0,2,2
1205,0.0545137232192712,0.0,0.0,0.1801811214838147,0.0,0.0,0.0032578705630445,0.0,0.0,0.4018375794080674,0.8208955223880597,1.0,0.009463533454563,0.0,0.0,5.820333251905416e-06,0.0,0.0,2,2
1206,0.1708555468909516,0.0,0.0,0.1801811214838147,0.0,0.0,0.0032578705630445,0.0,0.0,0.4018375794080674,0.8208955223880597,1.0,0.0051257611705764,0.0,0.0,8.052850546983413e-06,0.0,0.0,2,2
1207,0.1708555468909516,0.0,0.0,0.061828328332732,0.0,0.0,0.0045023280819844,0.0,0.0,0.1821564659503532,0.0,0.0,0.0051257611705764,0.0,0.0,1.0160733847772684e-05,0.0,0.0,2,2
1208,0.0730414167185082,0.0,0.0,0.061828328332732,0.0,0.0,0.0154780275383437,0.0,0.0,0.4309216380940102,0.0,0.0,0.0054954040286929,0.0,0.0,1.0160733847772684e-05,0.0,0.0,2,2
1209,0.0951258018188234,0.0,0.0,0.1460906223328904,0.4268292682926829,0.37109375,0.0154780275383437,0.0,0.0,0.4309216380940102,0.0,0.0,0.0075144405163161,0.0,0.0,2.2864189104573097e-06,0.0,0.0,2,2
1210,0.1543916930255602,0.2450668364099299,0.4112554112554112,0.2399404327206496,0.0,0.0,0.0052938679163141,0.0,0.0,0.1868743527182679,0.0703624733475479,0.1736842105263157,0.0075144405163161,0.0,0.0,1.2876867356031336e-05,0.0730966394531991,0.0307542894140498,2,2
1211,0.0961712628452311,0.0,0.0,0.2287504509339832,0.0,0.0,0.0052938679163141,0.0,0.0,0.1868743527182679,0.0703624733475479,0.1736842105263157,0.0058782904376999,0.0794797687861271,0.0405117270788912,1.2876867356031336e-05,0.0730966394531991,0.0307542894140498,2,2
1212,0.1805868972601885,0.0,0.0,0.2287504509339832,0.0,0.0,0.0055351556628343,0.0,0.0,0.1073233402610288,0.0,0.0,0.016739078296112,0.0,0.0,7.78917070129041e-06,0.0,0.0,2,2
1213,0.1805868972601885,0.0,0.0,0.0439099715801606,0.0,0.0,0.0156779276808895,0.237215033887862,0.0972862263184843,0.1073233402610288,0.0,0.0,0.016739078296112,0.0,0.0,8.389675329164647e-06,0.0,0.0,2,2
1214,0.0637442479730004,0.0,0.0,0.144520822151637,0.0,0.0,0.0057852165839828,0.0,0.0,0.2565742452292096,0.0,0.0,0.00279466185704,0.0,0.0,8.388189701602956e-06,0.0,0.0,2,2
1215,0.1062270712142827,0.0,0.0,0.2597927463419355,0.0,0.0,0.0057852165839828,0.0,0.0,0.2324508696523493,0.0,0.0,0.0093062656898891,0.0,0.0,1.085294740782056e-05,0.0,0.0,2,2
1216,0.0887255889828719,0.0,0.0,0.2597927463419355,0.0,0.0,0.0030497519303452,0.0,0.0,0.2324508696523493,0.0,0.0,0.0052331252841157,0.0,0.0,1.085294740782056e-05,0.0,0.0,2,2
1217,0.0887255889828719,0.0,0.0,0.1076880944629706,0.0,0.0,0.0146536239210967,0.0,0.0,0.2340567239521218,0.4104477611940298,0.5,0.0052331252841157,0.0,0.0,6.725918483292268e-06,0.0,0.0,2,2
1218,0.097856745155234,0.0,0.0,0.1183563126358301,0.0,0.0,0.0146536239210967,0.0,0.0,0.5287244187953097,0.0,0.0,0.007493424928518,0.0,0.0,7.564136218708579e-06,0.0,0.0,2,2
1219,0.097856745155234,0.0,0.0,0.2288874908713364,0.8536585365853658,0.7421875,0.0031532641954927,0.0,0.0,0.2510628033202487,0.0,0.0,0.007493424928518,0.0,0.0,7.564136218708579e-06,0.0,0.0,2,2
1220,0.077079949690424,0.0,0.0,0.2288874908713364,0.8536585365853658,0.7421875,0.0031532641954927,0.0,0.0,0.2510628033202487,0.0,0.0,0.0052334887763034,0.0794797687861271,0.0405117270788912,7.462288195868187e-06,0.0365483197265995,0.0153771447070249,2,2
1221,0.2130150405665429,0.2450668364099299,0.4112554112554112,0.1043698802495314,0.0,0.0,0.0048266149457828,0.0,0.0,0.1047025061627527,0.0,0.0,0.0052334887763034,0.0794797687861271,0.0405117270788912,1.989546716664826e-05,0.0,0.0,2,2
1222,0.2130150405665429,0.2450668364099299,0.4112554112554112,0.1184379206884112,0.0,0.0,0.0091530266276943,0.0,0.0,0.1047025061627527,0.0,0.0,0.0064270584196704,0.0,0.0,1.989546716664826e-05,0.0,0.0,2,2
1223,0.0964760064371192,0.0,0.0,0.1478003220328544,0.0,0.0,0.0091530266276943,0.0,0.0,0.2047421313664844,0.0,0.0,0.0064270584196704,0.0,0.0,2.6788531448302263e-06,0.0,0.0,2,2
1224,0.0964760064371192,0.0,0.0,0.1395220539712986,0.0,0.0,0.0064641605587848,0.118607516943931,0.0486431131592421,0.5449192500711222,0.0,0.0,0.0038688051855872,0.0,0.0,6.717366601558943e-06,0.0,0.0,2,2
1225,0.0747762182375664,0.0,0.0,0.2386089676471364,0.0,0.0,0.0112957167763566,0.0,0.0,0.5449192500711222,0.0,0.0,0.0105749490807229,0.0,0.0,6.717366601558943e-06,0.0,0.0,2,2
1226,0.0747762182375664,0.0,0.0,0.1598275012538164,0.0,0.0,0.0112957167763566,0.0,0.0,0.157474098220054,0.4104477611940298,0.5,0.008387194824514,0.0,0.0,8.772160937942818e-06,0.0,0.0,2,2
1227,0.076743145293726,0.0,0.0,0.1598275012538164,0.0,0.0,0.0031144719041983,0.0,0.0,0.3335340286254434,0.0,0.0,0.008387194824514,0.0,0.0,1.570055014161926e-05,0.0,0.0,2,2
1237,0.2779942601202619,0.918523233609166,0.8571428571428571,0.0664628298417111,0.0,0.0,0.0052047112924812,0.0,0.0,0.2494742916162738,0.0,0.0,0.0576906916604915,0.97233691164327,0.5270788912579957,9.759462034058424e-06,0.0,0.0,0,2
1238,0.2779942601202619,0.918523233609166,0.8571428571428571,0.1244595391234723,0.0,0.0,0.0339997156555072,0.7627849661121381,0.901689708141321,0.3024455862918517,0.0,0.0,0.00988796797718,0.0,0.444776119402985,5.670834677349136e-05,0.3423201063223846,0.3355454839753966,0,2
1358,0.0561274503946996,0.0210057288351368,0.0714285714285714,0.1678845916957757,0.0,0.0,0.0058505879304301,0.0,0.0,0.1825933592222669,0.0,0.0,0.0284049487395186,0.366019818331957,0.2511727078891257,0.0007254659744822,1.0,0.4985432178698608,0,3
1551,0.1193912509448976,0.6581795035009548,0.303030303030303,0.2087588976973771,0.0,0.0,0.0362441929497119,0.7886629698089958,0.4188428059395801,0.3952757717980663,0.0,0.0,0.0250248492346801,0.3594137076796036,0.4104477611940298,3.7390814123683954e-05,0.1756217960888551,0.1101489155066364,0,3
1666,0.7013032883101393,0.0,0.0,0.4098349801589047,0.8536585365853658,0.7421875,0.0107864146515598,0.0,0.0,0.3560615350334449,0.0,0.0,0.0120804093694932,0.1589595375722543,0.0810234541577825,1.1297232583630797e-05,0.0365483197265995,0.0100356102298478,0,1
1693,0.1154283230592725,0.0,0.0,0.1959237767590824,0.0,0.0,0.0117621809753871,0.0,0.0,0.1620513172664985,0.0,0.0,0.0055908876870455,0.0,0.0,9.552591570510776e-06,0.0,0.0,3,3
1694,0.1154283230592725,0.0,0.0,0.1107691833915514,0.0,0.0,0.009362641381821,0.118607516943931,0.0486431131592421,0.1620513172664985,0.0,0.0,0.0055908876870455,0.0,0.0,9.552591570510776e-06,0.0,0.0,3,3
1695,0.0858251813924664,0.0,0.0,0.1107691833915514,0.0,0.0,0.009362641381821,0.118607516943931,0.0486431131592421,0.2005729012656241,0.0,0.0,0.0024562123679766,0.0,0.0,5.560069079837156e-06,0.0,0.0,3,3
1696,0.0858251813924664,0.0,0.0,0.1419913024733179,0.0,0.0,0.0049739981729202,0.0,0.0,0.2005729012656241,0.0,0.0,0.008641419347459,0.0,0.0,5.560069079837156e-06,0.0,0.0,3,3
1697,0.0858251813924664,0.0,0.0,0.1419913024733179,0.0,0.0,0.0098651804271044,0.0,0.0,0.2515902634813281,0.4104477611940298,0.5,0.0124770654365045,0.0,0.0,8.2560386858055e-06,0.0,0.0,3,3
1698,0.0858251813924664,0.0,0.0,0.1325867992925835,0.0,0.0,0.0098651804271044,0.0,0.0,0.3216026730720989,0.0,0.0,0.0124770654365045,0.0,0.0,1.1031565552353136e-05,0.0,0.0,3,3
1699,0.1078432212041533,0.0,0.0,0.1976373258954888,0.0,0.0,0.0064111093142952,0.0,0.0,0.4451429170035919,0.0,0.0,0.002913150744639,0.0,0.0,1.1031565552353136e-05,0.0,0.0,3,3
1700,0.1547841225867108,0.0,0.0,0.1976373258954888,0.0,0.0,0.0064111093142952,0.0,0.0,0.4451429170035919,0.0,0.0,0.0074081573137559,0.0,0.0,5.41533467161546e-06,0.0,0.0,3,3
1701,0.1547841225867108,0.0,0.0,0.158244173053065,0.4268292682926829,0.37109375,0.0044489562400461,0.0,0.0,0.0455274671681888,0.0,0.0,0.0074081573137559,0.0,0.0,1.1501734931449762e-05,0.0730966394531991,0.0307542894140498,3,3
1702,0.1093125420009818,0.1225334182049649,0.2056277056277056,0.1783274528609011,0.0,0.0,0.0097675356041532,0.0,0.0,0.3706531396755148,0.0,0.0,0.0076539928196327,0.0794797687861271,0.0405117270788912,1.5001936955151797e-05,0.0,0.0,3,3
1703,0.1593106037494281,0.0,0.0,0.1712191935100701,0.0,0.0,0.0075129111462542,0.0,0.0,0.3706531396755148,0.0,0.0,0.0098342763548264,0.0,0.0,1.5001936955151797e-05,0.0,0.0,3,3
1704,0.0926010300346681,0.0,0.0,0.1712191935100701,0.0,0.0,0.0075129111462542,0.0,0.0,0.1053399779416195,0.0,0.0,0.0098342763548264,0.0,0.0,5.972984658287064e-06,0.0,0.0,3,3
1705,0.0926010300346681,0.0,0.0,0.0736628157637721,0.0,0.0,0.0074861946921947,0.118607516943931,0.0486431131592421,0.4587559788161067,0.0,0.0,0.0034613974022877,0.0,0.0,5.972984658287064e-06,0.0,0.0,3,3
1706,0.0547384807453294,0.0,0.0,0.2474958866022014,0.0,0.0,0.0074861946921947,0.118607516943931,0.0486431131592421,0.3214180357390608,0.8208955223880597,1.0,0.0034613974022877,0.0,0.0,5.0081393941616375e-06,0.0,0.0,3,3
1707,0.1433172405351592,0.0,0.0,0.2474958866022014,0.0,0.0,0.0052780314201173,0.0,0.0,0.3214180357390608,0.8208955223880597,1.0,0.008581964460814,0.0136251032204789,0.0140724946695095,2.713442236791125e-05,0.0375925574330738,0.0320492068630624,3,3
1708,0.1433172405351592,0.0,0.0,0.0943171319718793,0.0,0.0,0.0372219948128961,0.7627849661121381,0.901689708141321,0.144131510830889,0.0,0.0,0.5672578395197104,0.8133773740710156,0.8908315565031982,2.713442236791125e-05,0.0375925574330738,0.0320492068630624,3,2
1709,0.0865953708711591,0.0617441120305537,0.1428571428571428,0.1780379752404247,0.0,0.0,0.0372219948128961,0.7627849661121381,0.901689708141321,0.4533037469816876,0.0,0.0,0.5672578395197104,0.8133773740710156,0.8908315565031982,8.204969920930576e-05,0.3424150370229732,0.4690029135642603,3,1
1710,0.1266737665086593,0.6314449395289624,0.303030303030303,0.3737160479705771,0.8536585365853658,0.7421875,0.0083834909738129,0.0,0.0,0.4533037469816876,0.0,0.0,0.004723738811005,0.0,0.0,1.445495936134858e-05,0.0730966394531991,0.0307542894140498,3,3
1711,0.0820511002763734,0.0,0.0,0.3737160479705771,0.8536585365853658,0.7421875,0.0083834909738129,0.0,0.0,0.1215637135437614,0.0,0.0,0.004723738811005,0.0,0.0,7.41666546228565e-06,0.0,0.0,3,3
1712,0.2176914043322843,0.2450668364099299,0.4112554112554112,0.0521529348103437,0.0,0.0,0.0038675705777726,0.0,0.0,0.2309264729995053,0.0,0.0,0.0047892104499144,0.0794797687861271,0.0405117270788912,7.41666546228565e-06,0.0,0.0,3,3
1713,0.2176914043322843,0.2450668364099299,0.4112554112554112,0.1656650066430274,0.0,0.0,0.0205616344167854,0.314849044978435,0.1618023553507424,0.2147109707509238,0.0,0.0,0.0047892104499144,0.0794797687861271,0.0405117270788912,5.783319539577809e-06,0.0,0.0,3,3
1714,0.0909565032455093,0.0,0.0,0.1400143419003457,0.0,0.0,0.0205616344167854,0.314849044978435,0.1618023553507424,0.4035304970422991,0.0,0.0,0.0063120370562302,0.0086705202312138,0.008955223880597,8.448110013257836e-06,0.0079741788494399,0.0067983166073162,3,3
1715,0.0909565032455093,0.0,0.0,0.2778716795861086,0.0,0.0,0.0058830853162633,0.0,0.0,0.4035304970422991,0.0,0.0,0.0080406050235634,0.0,0.0,8.448110013257836e-06,0.0079741788494399,0.0067983166073162,3,3
1716,0.077983360774196,0.0,0.0,0.2778716795861086,0.0,0.0,0.0058830853162633,0.0,0.0,0.0801895353025179,0.0,0.0,0.0077429049218554,0.0,0.0,5.818955554551198e-06,0.0,0.0,3,3
1717,0.077983360774196,0.0,0.0,0.08312934986318,0.0,0.0,0.0030652678290933,0.0,0.0,0.2830611188111457,0.8208955223880597,1.0,0.0077429049218554,0.0,0.0,9.777568913571006e-06,0.0,0.0,3,3
1718,0.0615270076768037,0.0,0.0,0.1148330884358529,0.0,0.0,0.0030652678290933,0.0,0.0,0.2830611188111457,0.8208955223880597,1.0,0.0019900623340317,0.0,0.0,9.777568913571006e-06,0.0,0.0,3,3
1719,0.2138322923860434,0.0,0.0,0.1148330884358529,0.0,0.0,0.0070333177183716,0.0,0.0,0.1722911566074939,0.0,0.0,0.0140356147158434,0.0,0.0,8.323145879510957e-06,0.0,0.0,3,3
1720,0.2138322923860434,0.0,0.0,0.1376477083754938,0.4268292682926829,0.37109375,0.0068662101148657,0.0,0.0,0.1722911566074939,0.0,0.0,0.0140356147158434,0.0,0.0,8.323145879510957e-06,0.0,0.0,3,3
1721,0.049032785923302,0.0,0.0,0.2208371094471769,0.1463414634146341,0.2578125,0.0112670054937273,0.0,0.0,0.2649365296029352,0.0,0.0,0.0030888657378376,0.0,0.0,8.702615791315611e-06,0.0365483197265995,0.0153771447070249,3,3
1722,0.1371736468946422,0.2450668364099299,0.4112554112554112,0.1908108452922491,0.0,0.0,0.0112670054937273,0.0,0.0,0.3496829633345992,0.0,0.0,0.0110883339678982,0.1589595375722543,0.0810234541577825,8.121475112429231e-06,0.0,0.0,3,3
1723,0.2278357615908106,0.0,0.0,0.1908108452922491,0.0,0.0,0.0050293546657315,0.0,0.0,0.3496829633345992,0.0,0.0,0.0110883339678982,0.1589595375722543,0.0810234541577825,1.2925169298293504e-05,0.0,0.0,3,3
1724,0.2278357615908106,0.0,0.0,0.0494218146463357,0.0,0.0,0.0050293546657315,0.0,0.0,0.2728675263922776,0.0,0.0,0.0056848217208085,0.0,0.0,8.666256009068575e-06,0.0,0.0,3,3
1725,0.0761197186295977,0.0,0.0,0.0494218146463357,0.0,0.0,0.0088776486857942,0.118607516943931,0.0486431131592421,0.2369722070012234,0.0,0.0,0.0073078621667086,0.0,0.0,8.666256009068575e-06,0.0,0.0,3,3
1726,0.1024286291968124,0.0,0.0,0.1692830369633885,0.0,0.0,0.0086114001379098,0.0,0.0,0.2369722070012234,0.0,0.0,0.0073078621667086,0.0,0.0,4.3245919948902965e-06,0.0,0.0,3,3
1727,0.1053970747270318,0.0,0.0,0.2429922659322675,0.0,0.0,0.0114808083700808,0.0,0.0,0.1247897867176036,0.4104477611940298,0.5,0.0039958744019321,0.0,0.0,4.3245919948902965e-06,0.0,0.0,3,3
1728,0.1053970747270318,0.0,0.0,0.2429922659322675,0.0,0.0,0.0114808083700808,0.0,0.0,0.3166917404398502,0.0,0.0,0.0142632756123363,0.0,0.0,8.307603929634802e-06,0.0,0.0,3,3
1729,0.0571532633916587,0.0,0.0,0.089675481509507,0.0,0.0,0.0068026351319009,0.0,0.0,0.3166917404398502,0.0,0.0,0.0142632756123363,0.0,0.0,1.1369666450516846e-05,0.0,0.0,3,3
1730,0.1015882776670142,0.0,0.0,0.089675481509507,0.0,0.0,0.0070348749059797,0.0,0.0,0.2073415937810502,0.0,0.0,0.0030954803390949,0.0,0.0,1.1369666450516846e-05,0.0,0.0,3,3
1731,0.1344273037513663,0.0,0.0,0.1882232541155974,0.4268292682926829,0.37109375,0.0070348749059797,0.0,0.0,0.2073415937810502,0.0,0.0,0.0030954803390949,0.0,0.0,7.631992575030616e-06,0.0365483197265995,0.0153771447070249,3,3
1732,0.16658502113889,0.2450668364099299,0.4112554112554112,0.1882232541155974,0.4268292682926829,0.37109375,0.0040045776430381,0.0,0.0,0.1555536247076283,0.0,0.0,0.0057973273356867,0.0794797687861271,0.0405117270788912,7.631992575030616e-06,0.0365483197265995,0.0153771447070249,3,3
1733,0.16658502113889,0.2450668364099299,0.4112554112554112,0.1038989291967656,0.0,0.0,0.0078497420213396,0.0,0.0,0.3058675081737931,0.0,0.0,0.0149387780152157,0.0,0.0,8.510620649892077e-06,0.0,0.0,3,3
1734,0.1206069063885567,0.0,0.0,0.1598937115606275,0.0,0.0,0.0147015303398616,0.237215033887862,0.0972862263184843,0.3468597989520167,0.0,0.0,0.0149387780152157,0.0,0.0,6.319002554610728e-06,0.0,0.0,3,3
1735,0.1206069063885567,0.0,0.0,0.1694581313295733,0.0,0.0,0.0147015303398616,0.237215033887862,0.0972862263184843,0.3468597989520167,0.0,0.0,0.0028725831033774,0.0,0.0,6.319002554610728e-06,0.0,0.0,3,3
1736,0.0807000327378652,0.0,0.0,0.1694581313295733,0.0,0.0,0.0019896888328997,0.0,0.0,0.109099292141807,0.0,0.0,0.0028725831033774,0.0,0.0,5.960617126277771e-06,0.0,0.0,3,3
1737,0.0807000327378652,0.0,0.0,0.1350770547191891,0.0,0.0,0.0019896888328997,0.0,0.0,0.109099292141807,0.0,0.0,0.0055181462043825,0.0,0.0,5.960617126277771e-06,0.0,0.0,3,3
1738,0.077978382388356,0.0,0.0,0.1350770547191891,0.0,0.0,0.0052458851648232,0.0,0.0,0.194996643594591,0.4104477611940298,0.5,0.0128257787970778,0.0,0.0,9.601902977654609e-06,0.0,0.0,3,3
1739,0.1886071432269658,0.0,0.0,0.0943890614414049,0.0,0.0,0.0052458851648232,0.0,0.0,0.309604749979329,0.0,0.0,0.0056477168209137,0.0,0.0,9.601902977654609e-06,0.0,0.0,3,3
1740,0.1886071432269658,0.0,0.0,0.2498438228643326,0.8536585365853658,0.7421875,0.0078683672064554,0.0,0.0,0.3302396361348224,0.0,0.0,0.0079380141363833,0.0,0.0,4.489839491367651e-06,0.0,0.0,3,3
1741,0.0420457873430049,0.0,0.0,0.2498438228643326,0.8536585365853658,0.7421875,0.0087967563517504,0.0,0.0,0.3302396361348224,0.0,0.0,0.0079380141363833,0.0,0.0,1.3371733706132148e-05,0.0730966394531991,0.0307542894140498,3,3
1742,0.2478286936104873,0.2450668364099299,0.4112554112554112,0.1383587542783736,0.0,0.0,0.0063921838871243,0.0,0.0,0.1232170410098085,0.0,0.0,0.004110427051762,0.0794797687861271,0.0405117270788912,1.3371733706132148e-05,0.0730966394531991,0.0307542894140498,3,3
1757,0.0474863665244308,0.1225334182049649,0.2056277056277056,0.1880639974307761,0.0,0.0,0.0340852388415879,0.7627849661121381,0.4188428059395801,0.2476440346375432,0.0,0.0,0.0137194147748994,0.1589595375722543,0.0810234541577825,3.250723888661797e-05,0.3339662046705904,0.2228876659112981,0,3
1979,0.1583872791222959,0.0,0.0,0.1970137171918031,0.0,0.0,0.0511111006846261,1.0,0.5161290322580645,0.3135136659654886,0.1407249466950959,0.3473684210526315,0.0037136275009924,0.0,0.0,9.946993943961147e-06,0.0125308524776912,0.0830365814179346,0,3
1980,0.182402481386811,0.6314449395289624,0.303030303030303,0.1970137171918031,0.0,0.0,0.0511111006846261,1.0,0.5161290322580645,0.421178953165882,0.0,0.0,0.0109500060593191,0.0,0.0,9.946993943961147e-06,0.0125308524776912,0.0830365814179346,0,3
2040,0.1216523674149645,0.0210057288351368,0.0714285714285714,0.2685797999172921,0.0,0.0,0.0367351853979932,0.7627849661121381,0.901689708141321,0.2436471794282478,0.0,0.0,0.0497544902022546,0.8137902559867878,0.8904051172707889,4.723185869692072e-05,0.3424150370229732,0.3357073486565232,0,2
2041,0.1641612773980486,0.6314449395289624,0.303030303030303,0.2685797999172921,0.0,0.0,0.0367351853979932,0.7627849661121381,0.901689708141321,0.4071041228430365,0.8208955223880597,1.0,0.0064694483046623,0.0,0.0,1.6053253361970534e-05,0.0,0.267076723858854,0,2
2086,0.1381940168564162,0.0,0.0,0.2306945263213465,0.0,0.0,0.0072664887517062,0.0,0.0,0.3941945748156079,0.0,0.0,0.0073922210510015,0.1589595375722543,0.0810234541577825,8.142413572679051e-06,0.0365483197265995,0.0153771447070249,0,1
2087,0.1763365505653986,0.0,0.0,0.276789438026273,0.8536585365853658,0.7421875,0.0059926278667556,0.0,0.0,0.2313484761639159,0.0,0.0,0.0098267099779724,0.0,0.0,7.005698976405996e-06,0.0,0.0,0,1
